VILA VELHA (A634);
Data;Hora (UTC);Temp. Ins. (C);Temp. Max. (C);Temp. Min. (C);Umi. Ins. (%);Umi. Max. (%);Umi. Min. (%);Pto Orvalho Ins. (C);Pto Orvalho Max. (C);Pto Orvalho Min. (C);Pressao Ins. (hPa);Pressao Max. (hPa);Pressao Min. (hPa);Vel. Vento (m/s);Dir. Vento (m/s);Raj. Vento (m/s);Radiacao (KJ/mÂ²);Chuva (mm);
01/10/2019;0100;20,9;21,0;20,7;95,0;96,0;94,0;20,1;20,2;19,9;1014,7;1014,7;1014,4;1,5;137,0;4,0;;0,0;
01/10/2019;0200;20,6;21,0;20,5;96,0;96,0;95,0;19,9;20,2;19,8;1015,1;1015,2;1014,7;0,9;122,0;4,6;;1,2;
01/10/2019;0300;20,0;20,7;20,0;96,0;96,0;96,0;19,4;20,0;19,3;1014,9;1015,1;1014,9;1,8;139,0;6,6;;1,6;
01/10/2019;0400;20,0;20,2;20,0;96,0;96,0;96,0;19,3;19,6;19,3;1014,5;1014,9;1014,5;1,2;202,0;3,8;;0,2;
01/10/2019;0500;19,9;20,0;19,9;95,0;96,0;95,0;19,1;19,3;19,1;1014,0;1014,5;1014,0;1,1;225,0;2,0;;0,0;
01/10/2019;0600;19,6;19,9;19,6;96,0;96,0;95,0;19,0;19,2;19,0;1013,8;1014,0;1013,8;1,0;180,0;3,4;;0,0;
01/10/2019;0700;19,7;19,8;19,6;95,0;96,0;93,0;18,9;19,0;18,6;1013,8;1013,8;1013,6;1,2;211,0;3,4;;0,0;
01/10/2019;0800;19,3;19,8;19,1;91,0;95,0;89,0;17,8;18,9;17,3;1014,0;1014,0;1013,8;0,9;212,0;3,1;;0,0;
01/10/2019;0900;19,4;19,6;19,3;93,0;93,0;90,0;18,2;18,4;17,6;1014,2;1014,2;1013,9;1,0;265,0;2,3;24,11;0,0;
01/10/2019;1000;19,7;19,7;19,4;93,0;94,0;92,0;18,5;18,6;18,2;1014,8;1014,8;1014,2;2,1;237,0;3,8;190,11;0,0;
01/10/2019;1100;20,6;20,7;19,7;81,0;94,0;81,0;17,3;19,1;17,3;1015,4;1015,4;1014,8;0,4;103,0;3,5;509,48;0,0;
01/10/2019;1200;22,1;22,1;20,6;76,0;84,0;76,0;17,7;18,9;17,3;1015,7;1015,7;1015,4;1,0;134,0;3,0;739,15;0,0;
01/10/2019;1300;23,6;23,9;22,1;67,0;76,0;63,0;17,1;17,7;16,3;1015,8;1015,8;1015,6;2,1;79,0;4,8;1698,37;0,0;
01/10/2019;1400;23,6;24,3;23,4;70,0;71,0;62,0;17,8;18,4;15,7;1015,4;1015,8;1015,3;1,7;90,0;5,1;1525,37;0,0;
01/10/2019;1500;23,9;24,0;23,3;67,0;72,0;66,0;17,3;18,4;17,0;1014,6;1015,4;1014,6;1,9;105,0;4,8;1040,21;0,0;
01/10/2019;1600;25,2;25,4;23,7;63,0;69,0;60,0;17,7;18,4;16,7;1013,8;1014,6;1013,8;1,9;111,0;5,7;2437,72;0,0;
01/10/2019;1700;24,6;25,2;24,1;65,0;70,0;61,0;17,5;18,4;16,6;1013,2;1013,8;1013,2;1,7;106,0;6,8;1467,43;0,0;
01/10/2019;1800;23,6;24,6;23,4;67,0;69,0;64,0;17,0;17,9;16,7;1012,9;1013,2;1012,9;2,0;101,0;5,2;987,70;0,2;
01/10/2019;1900;22,9;23,6;22,9;69,0;71,0;66,0;16,9;17,5;16,5;1013,0;1013,0;1012,8;1,6;104,0;5,3;472,83;0,0;
01/10/2019;2000;22,1;22,9;22,1;69,0;71,0;67,0;16,3;17,0;16,2;1013,1;1013,1;1012,9;1,0;92,0;4,2;152,36;0,0;
01/10/2019;2100;21,4;22,1;21,4;73,0;73,0;69,0;16,4;16,7;16,1;1013,2;1013,2;1013,0;0,7;88,0;2,5;24,38;0,0;
01/10/2019;2200;21,0;21,4;21,0;81,0;82,0;71,0;17,6;18,2;15,8;1013,6;1013,6;1013,2;0,4;183,0;1,4;;0,0;
01/10/2019;2300;20,3;21,1;20,3;87,0;88,0;81,0;18,0;18,8;17,6;1014,4;1014,4;1013,6;0,5;266,0;0,9;;0,0;
02/10/2019;0000;20,2;20,6;20,1;90,0;91,0;82,0;18,5;18,9;17,0;1014,8;1014,8;1014,4;1,1;342,0;1,6;;0,0;
02/10/2019;0100;20,2;20,4;20,1;88,0;90,0;84,0;18,1;18,5;17,3;1015,1;1015,2;1014,8;1,2;284,0;2,4;;0,0;
02/10/2019;0200;20,0;20,2;19,9;85,0;88,0;84,0;17,4;18,1;17,3;1015,0;1015,1;1014,9;2,4;273,0;3,3;;0,0;
02/10/2019;0300;19,1;20,0;19,1;89,0;89,0;85,0;17,3;17,8;17,3;1014,6;1015,0;1014,6;1,8;279,0;3,3;;0,0;
02/10/2019;0400;18,8;19,1;18,7;89,0;90,0;89,0;16,9;17,3;16,8;1014,1;1014,6;1014,1;2,5;270,0;3,6;;0,0;
02/10/2019;0500;18,6;18,9;18,6;90,0;90,0;88,0;16,9;17,0;16,8;1013,4;1014,1;1013,4;1,1;250,0;3,9;;0,0;
02/10/2019;0600;18,1;18,7;18,0;93,0;93,0;89,0;17,0;17,0;16,7;1013,1;1013,4;1013,0;0,7;302,0;3,0;;0,0;
02/10/2019;0700;17,5;18,1;17,5;94,0;95,0;93,0;16,5;17,0;16,5;1013,0;1013,1;1012,8;1,6;293,0;2,9;;0,0;
02/10/2019;0800;17,1;17,7;17,1;95,0;95,0;93,0;16,3;16,7;16,2;1013,1;1013,2;1012,9;1,4;284,0;2,9;;0,0;
02/10/2019;0900;17,1;17,2;16,8;96,0;96,0;95,0;16,5;16,5;16,0;1013,3;1013,3;1013,1;1,6;303,0;2,6;44,25;0,0;
02/10/2019;1000;20,4;20,4;17,1;86,0;96,0;84,0;18,0;18,0;16,5;1013,5;1013,5;1013,3;1,8;290,0;4,0;749,26;0,0;
02/10/2019;1100;22,7;22,7;20,4;69,0;86,0;68,0;16,8;18,2;16,2;1013,7;1013,8;1013,5;1,8;300,0;3,5;1660,66;0,0;
02/10/2019;1200;24,2;24,3;22,7;54,0;71,0;53,0;14,4;17,3;13,9;1013,4;1013,7;1013,4;1,4;285,0;4,2;2476,83;0,0;
02/10/2019;1300;25,8;26,0;24,2;48,0;58,0;46,0;14,0;15,3;13,4;1013,4;1013,5;1013,3;1,6;350,0;5,0;3100,93;0,0;
02/10/2019;1400;27,5;27,5;25,7;50,0;57,0;47,0;16,0;17,3;13,8;1013,3;1013,4;1013,2;1,9;121,0;6,7;3494,24;0,0;
02/10/2019;1500;27,5;27,8;26,8;48,0;55,0;46,0;15,5;17,6;14,9;1012,8;1013,3;1012,8;2,5;104,0;5,7;3615,45;0,0;
02/10/2019;1600;27,4;27,9;27,2;53,0;55,0;46,0;17,1;18,0;15,0;1012,2;1012,8;1012,1;1,8;119,0;6,7;3478,26;0,0;
02/10/2019;1700;26,1;27,4;26,1;58,0;66,0;51,0;17,0;19,4;16,4;1011,7;1012,2;1011,6;3,0;93,0;6,3;3082,28;0,0;
02/10/2019;1800;26,0;26,7;25,8;64,0;66,0;55,0;18,6;19,1;17,1;1011,4;1011,7;1011,4;2,5;105,0;6,6;2456,84;0,0;
02/10/2019;1900;25,1;26,0;25,1;65,0;68,0;63,0;18,2;19,3;17,7;1011,5;1011,7;1011,4;1,5;102,0;6,1;1639,34;0,0;
02/10/2019;2000;24,1;25,2;24,1;70,0;70,0;64,0;18,3;18,7;17,8;1011,4;1011,6;1011,4;1,0;87,0;3,8;757,81;0,0;
02/10/2019;2100;21,7;24,1;21,7;83,0;83,0;70,0;18,6;18,7;18,2;1012,0;1012,0;1011,4;1,0;115,0;2,4;80,31;0,0;
02/10/2019;2200;20,7;21,7;20,7;91,0;91,0;83,0;19,2;19,2;18,6;1012,2;1012,2;1012,0;0,4;78,0;2,3;;0,0;
02/10/2019;2300;19,6;20,7;19,5;95,0;95,0;91,0;18,8;19,5;18,4;1012,6;1012,6;1012,2;1,1;324,0;1,7;;0,0;
03/10/2019;0000;19,6;19,9;19,3;96,0;96,0;94,0;18,9;19,1;18,4;1013,5;1013,5;1012,6;0,9;319,0;1,8;;0,0;
03/10/2019;0100;19,6;19,8;19,5;93,0;96,0;93,0;18,5;19,0;18,5;1013,6;1013,7;1013,5;1,9;293,0;2,6;;0,0;
03/10/2019;0200;19,1;19,6;19,1;94,0;94,0;92,0;18,1;18,4;18,0;1013,3;1013,6;1013,3;1,9;296,0;3,2;;0,0;
03/10/2019;0300;19,3;19,3;19,0;93,0;94,0;93,0;18,1;18,1;18,0;1012,9;1013,3;1012,9;2,9;300,0;3,8;;0,0;
03/10/2019;0400;18,9;19,3;18,9;93,0;93,0;92,0;17,8;18,1;17,8;1012,5;1012,9;1012,5;2,4;302,0;3,8;;0,0;
03/10/2019;0500;18,7;18,9;18,7;94,0;94,0;93,0;17,6;17,8;17,6;1012,3;1012,6;1012,3;1,5;328,0;3,4;;0,0;
03/10/2019;0600;18,2;18,7;18,1;95,0;95,0;93,0;17,4;17,6;17,2;1012,1;1012,3;1012,1;1,3;308,0;2,0;;0,0;
03/10/2019;0700;17,8;18,2;17,8;96,0;96,0;95,0;17,1;17,5;17,1;1012,5;1012,5;1012,1;1,7;300,0;2,0;;0,0;
03/10/2019;0800;17,7;18,2;17,7;95,0;96,0;94,0;16,9;17,4;16,9;1012,7;1012,8;1012,5;1,0;308,0;2,5;;0,0;
03/10/2019;0900;18,3;18,3;17,4;97,0;97,0;95,0;17,7;17,7;16,7;1013,2;1013,2;1012,7;1,7;324,0;2,3;56,89;0,0;
03/10/2019;1000;20,8;20,8;18,3;89,0;97,0;89,0;18,9;19,1;17,8;1013,6;1013,6;1013,2;1,7;310,0;2,6;692,49;0,0;
03/10/2019;1100;23,6;23,6;20,7;74,0;89,0;73,0;18,8;19,8;18,2;1014,2;1014,3;1013,6;4,8;14,0;7,8;1570,16;0,0;
03/10/2019;1200;24,9;25,4;23,5;65,0;75,0;64,0;17,9;19,2;17,7;1014,2;1014,3;1014,1;5,9;6,0;9,7;2349,23;0,0;
03/10/2019;1300;26,2;26,7;24,9;63,0;67,0;59,0;18,6;19,4;17,5;1014,0;1014,2;1014,0;3,9;354,0;8,4;2345,45;0,0;
03/10/2019;1400;28,0;28,3;26,2;60,0;64,0;54,0;19,4;20,4;17,4;1013,5;1014,0;1013,5;4,7;61,0;8,5;3241,57;0,0;
03/10/2019;1500;27,8;28,4;27,7;58,0;62,0;58,0;18,9;20,1;18,9;1012,7;1013,5;1012,7;5,9;55,0;10,3;3610,74;0,0;
03/10/2019;1600;28,2;28,4;27,3;57,0;61,0;56,0;19,0;19,9;18,0;1012,1;1012,7;1012,1;5,6;63,0;11,6;3477,24;0,0;
03/10/2019;1700;27,4;28,4;27,1;59,0;62,0;56,0;18,8;19,9;18,4;1011,5;1012,1;1011,5;6,2;60,0;11,8;3093,09;0,0;
03/10/2019;1800;26,2;27,6;26,1;64,0;65,0;59,0;18,9;19,4;18,2;1011,5;1011,5;1011,4;6,6;48,0;11,8;2465,66;0,0;
03/10/2019;1900;25,1;26,2;25,1;69,0;69,0;63,0;19,0;19,1;18,4;1011,9;1012,0;1011,5;7,2;43,0;12,1;1650,92;0,0;
03/10/2019;2000;24,5;25,3;24,5;74,0;75,0;69,0;19,6;19,8;18,9;1012,9;1012,9;1011,9;5,4;49,0;11,2;768,91;0,0;
03/10/2019;2100;23,5;24,5;23,5;79,0;79,0;74,0;19,6;19,9;19,6;1013,7;1013,7;1012,9;4,1;48,0;9,1;72,78;0,0;
03/10/2019;2200;23,3;23,6;23,3;81,0;81,0;79,0;19,8;20,0;19,6;1014,3;1014,3;1013,7;3,7;46,0;7,1;;0,0;
03/10/2019;2300;23,0;23,3;22,9;84,0;84,0;81,0;20,1;20,1;19,7;1014,8;1014,8;1014,3;3,0;36,0;6,1;;0,0;
04/10/2019;0000;23,1;23,3;23,0;83,0;84,0;82,0;20,0;20,1;20,0;1015,3;1015,3;1014,8;3,7;20,0;7,2;;0,0;
04/10/2019;0100;22,2;23,1;22,2;88,0;88,0;82,0;20,1;20,1;19,9;1015,6;1015,6;1015,2;2,1;356,0;5,8;;0,0;
04/10/2019;0200;21,7;22,2;21,7;89,0;89,0;87,0;19,8;20,1;19,8;1015,6;1015,6;1015,5;2,5;1,0;4,0;;0,0;
04/10/2019;0300;21,5;21,8;21,5;89,0;90,0;88,0;19,6;19,9;19,6;1015,2;1015,6;1015,2;2,8;352,0;4,3;;0,0;
04/10/2019;0400;21,4;21,6;21,3;89,0;90,0;88,0;19,6;19,6;19,4;1014,6;1015,2;1014,6;3,0;354,0;4,4;;0,0;
04/10/2019;0500;21,5;21,5;21,0;88,0;91,0;88,0;19,4;19,7;19,4;1014,4;1014,7;1014,4;2,8;18,0;4,4;;0,0;
04/10/2019;0600;20,6;21,5;20,6;92,0;92,0;88,0;19,2;19,7;19,2;1014,1;1014,5;1014,1;1,8;331,0;4,4;;0,0;
04/10/2019;0700;21,2;21,2;20,4;91,0;94,0;91,0;19,6;19,7;19,2;1014,2;1014,2;1014,0;2,9;14,0;4,2;;0,0;
04/10/2019;0800;21,0;21,5;20,9;87,0;93,0;87,0;18,7;19,9;18,7;1014,5;1014,5;1014,2;2,8;15,0;4,9;;0,0;
04/10/2019;0900;20,3;21,0;20,1;91,0;92,0;87,0;18,8;18,8;18,5;1014,9;1014,9;1014,5;2,3;356,0;3,9;37,94;0,0;
04/10/2019;1000;22,6;22,6;20,3;81,0;91,0;81,0;19,1;19,6;18,8;1015,7;1015,7;1014,9;1,7;2,0;3,8;660,08;0,0;
04/10/2019;1100;24,0;24,0;22,5;79,0;82,0;78,0;20,1;20,2;19,1;1016,1;1016,1;1015,7;3,0;14,0;4,9;871,26;0,0;
04/10/2019;1200;25,9;25,9;24,0;75,0;79,0;71,0;21,2;21,2;19,7;1016,1;1016,2;1016,0;2,6;45,0;6,0;1636,95;0,0;
04/10/2019;1300;26,7;27,4;25,8;68,0;75,0;66,0;20,3;21,2;19,8;1015,8;1016,1;1015,7;4,2;50,0;9,3;2725,81;0,0;
04/10/2019;1400;26,7;27,0;26,0;68,0;73,0;66,0;20,3;21,4;19,8;1015,6;1016,0;1015,6;5,2;57,0;10,4;1969,35;0,0;
04/10/2019;1500;23,5;27,9;23,5;80,0;80,0;64,0;19,9;21,5;19,8;1015,3;1015,6;1015,1;6,4;350,0;11,1;2378,66;0,0;
04/10/2019;1600;24,9;25,1;22,4;76,0;91,0;76,0;20,5;22,1;19,8;1014,4;1015,4;1014,4;5,0;359,0;9,5;1640,36;0,0;
04/10/2019;1700;22,2;26,0;22,2;89,0;89,0;70,0;20,3;21,0;19,9;1013,9;1014,4;1013,5;6,4;36,0;11,9;1882,68;2,6;
04/10/2019;1800;22,5;22,5;21,0;88,0;95,0;87,0;20,5;20,6;19,4;1013,9;1014,0;1013,8;3,4;26,0;12,5;487,31;5,8;
04/10/2019;1900;22,7;23,0;22,3;83,0;88,0;83,0;19,7;20,8;19,7;1013,6;1013,9;1013,6;2,7;343,0;5,8;601,05;0,0;
04/10/2019;2000;22,5;22,9;22,5;87,0;88,0;83,0;20,3;20,5;19,9;1013,8;1013,8;1013,6;2,9;352,0;4,9;358,50;0,0;
04/10/2019;2100;21,8;22,5;21,7;91,0;91,0;87,0;20,3;20,4;20,1;1014,0;1014,0;1013,8;1,8;324,0;4,4;41,17;0,0;
04/10/2019;2200;21,7;21,9;21,6;94,0;94,0;91,0;20,6;20,7;20,4;1014,3;1014,3;1014,0;1,8;341,0;3,0;;0,8;
04/10/2019;2300;21,8;21,9;21,7;94,0;94,0;93,0;20,8;20,8;20,6;1015,0;1015,0;1014,3;2,1;21,0;3,1;;0,4;
05/10/2019;0000;21,2;21,9;21,2;96,0;96,0;94,0;20,5;21,0;20,4;1015,4;1015,4;1015,0;1,5;13,0;4,9;;2,0;
05/10/2019;0100;21,5;21,5;21,2;96,0;96,0;96,0;20,9;20,9;20,5;1015,4;1015,5;1015,4;2,8;347,0;4,4;;0,8;
05/10/2019;0200;20,9;21,5;20,8;97,0;97,0;96,0;20,4;20,9;20,3;1015,1;1015,4;1015,0;1,9;319,0;4,4;;0,0;
05/10/2019;0300;20,8;21,1;20,6;97,0;97,0;97,0;20,2;20,6;20,1;1014,2;1015,1;1014,2;2,0;335,0;3,5;;0,0;
05/10/2019;0400;20,7;20,8;20,5;97,0;97,0;97,0;20,2;20,2;20,0;1013,7;1014,2;1013,6;1,3;334,0;2,8;;0,0;
05/10/2019;0500;20,6;21,0;20,6;97,0;97,0;97,0;20,1;20,5;20,1;1013,3;1013,7;1013,3;1,1;334,0;2,7;;0,8;
05/10/2019;0600;20,6;20,7;20,3;97,0;97,0;97,0;20,1;20,2;19,8;1013,1;1013,3;1013,1;1,7;343,0;2,8;;0,0;
05/10/2019;0700;20,4;20,7;20,3;97,0;97,0;96,0;19,9;20,2;19,8;1013,2;1013,2;1013,1;1,8;349,0;2,7;;0,0;
05/10/2019;0800;20,3;20,8;20,3;96,0;97,0;95,0;19,6;20,1;19,5;1013,4;1013,4;1013,2;2,1;5,0;2,9;;0,0;
05/10/2019;0900;20,8;20,8;20,2;96,0;96,0;96,0;20,2;20,2;19,5;1013,9;1013,9;1013,4;2,4;2,0;3,6;53,69;0,2;
05/10/2019;1000;22,5;22,6;20,9;90,0;96,0;90,0;20,8;21,1;20,3;1014,6;1014,6;1013,9;2,9;356,0;4,5;636,66;0,0;
05/10/2019;1100;24,2;24,2;22,5;83,0;90,0;80,0;21,1;21,1;20,2;1014,7;1014,8;1014,6;3,8;7,0;6,1;1533,86;0,2;
05/10/2019;1200;24,0;24,7;23,6;82,0;84,0;77,0;20,8;21,2;19,9;1014,5;1014,8;1014,5;3,5;10,0;7,8;735,88;0,0;
05/10/2019;1300;26,0;26,2;24,0;72,0;83,0;72,0;20,7;21,2;20,1;1014,0;1014,5;1014,0;4,5;46,0;9,5;1949,10;0,0;
05/10/2019;1400;26,1;26,5;25,2;73,0;77,0;72,0;20,9;21,2;20,4;1013,6;1014,0;1013,6;6,7;56,0;11,1;2216,22;0,0;
05/10/2019;1500;26,9;27,4;25,8;70,0;75,0;68,0;21,0;21,7;20,4;1012,6;1013,6;1012,6;6,6;54,0;10,8;3267,81;0,0;
05/10/2019;1600;27,0;27,3;26,7;69,0;72,0;68,0;20,9;21,6;20,5;1011,7;1012,7;1011,7;7,0;55,0;12,2;3407,91;0,0;
05/10/2019;1700;27,0;27,3;26,9;70,0;70,0;67,0;21,1;21,3;20,6;1011,0;1011,7;1011,0;6,7;57,0;12,1;3071,71;0,0;
05/10/2019;1800;26,5;27,1;26,5;72,0;72,0;69,0;21,0;21,2;20,5;1011,0;1011,1;1010,9;6,3;56,0;12,7;2475,06;0,0;
05/10/2019;1900;25,9;26,9;25,9;73,0;73,0;69,0;20,5;21,1;20,3;1010,8;1011,0;1010,7;6,9;51,0;11,8;1647,46;0,0;
05/10/2019;2000;24,9;25,9;24,9;76,0;78,0;72,0;20,4;21,1;20,2;1010,8;1011,0;1010,8;4,8;39,0;10,9;754,36;0,0;
05/10/2019;2100;23,7;24,9;23,6;77,0;77,0;73,0;19,5;20,3;19,3;1011,1;1011,1;1010,7;3,8;36,0;8,0;98,33;0,0;
05/10/2019;2200;23,4;23,7;23,2;82,0;83,0;77,0;20,2;20,2;19,5;1011,7;1011,7;1011,1;5,3;16,0;8,5;;0,0;
05/10/2019;2300;22,9;23,5;22,8;84,0;86,0;82,0;20,1;20,4;20,0;1012,1;1012,2;1011,7;4,5;14,0;8,5;;0,0;
06/10/2019;0000;22,5;22,9;22,5;84,0;85,0;83,0;19,7;20,1;19,7;1012,6;1012,6;1012,1;3,9;14,0;8,9;;0,0;
06/10/2019;0100;21,8;22,5;21,8;87,0;88,0;84,0;19,6;19,7;19,5;1012,7;1012,7;1012,6;3,4;2,0;6,4;;0,0;
06/10/2019;0200;21,9;21,9;21,5;87,0;89,0;87,0;19,7;19,7;19,6;1012,3;1012,7;1012,3;4,1;18,0;6,1;;0,0;
06/10/2019;0300;21,4;22,0;21,4;90,0;90,0;87,0;19,7;19,8;19,7;1011,8;1012,3;1011,8;3,3;360,0;6,1;;0,0;
06/10/2019;0400;21,1;21,5;21,1;90,0;91,0;90,0;19,5;19,8;19,4;1011,5;1011,8;1011,4;2,7;358,0;4,8;;0,0;
06/10/2019;0500;20,4;21,1;20,0;93,0;94,0;90,0;19,2;19,5;18,8;1011,1;1011,5;1011,1;2,5;358,0;4,8;;0,0;
06/10/2019;0600;20,2;20,4;20,1;90,0;93,0;90,0;18,6;19,2;18,5;1010,7;1011,1;1010,7;2,2;346,0;4,7;;0,0;
06/10/2019;0700;20,0;20,8;20,0;93,0;93,0;89,0;18,8;19,0;18,5;1010,9;1010,9;1010,7;2,5;325,0;5,5;;0,0;
06/10/2019;0800;20,0;20,6;20,0;92,0;93,0;90,0;18,7;19,1;18,7;1011,0;1011,0;1010,8;2,1;335,0;5,3;;0,0;
06/10/2019;0900;20,6;20,7;20,0;91,0;93,0;90,0;19,1;19,1;18,7;1011,6;1011,6;1011,0;2,8;357,0;5,5;44,67;0,0;
06/10/2019;1000;22,5;22,5;20,6;84,0;91,0;84,0;19,7;19,7;19,0;1012,1;1012,1;1011,6;3,8;7,0;5,8;661,23;0,0;
06/10/2019;1100;24,6;24,6;22,4;72,0;84,0;70,0;19,1;19,8;18,4;1012,5;1012,5;1012,1;5,0;13,0;7,8;1661,75;0,0;
06/10/2019;1200;26,6;26,6;24,6;63,0;72,0;61,0;18,9;19,5;18,1;1012,4;1012,6;1012,4;6,1;12,0;9,8;2519,11;0,0;
06/10/2019;1300;28,0;28,0;26,6;61,0;65,0;59,0;19,9;20,0;18,8;1012,3;1012,4;1012,2;6,1;34,0;9,8;2908,18;0,0;
06/10/2019;1400;28,1;28,7;26,9;67,0;70,0;59,0;21,4;21,9;19,2;1011,9;1012,3;1011,8;6,6;58,0;11,1;3212,63;0,0;
06/10/2019;1500;27,6;28,1;26,9;69,0;72,0;64,0;21,3;21,7;20,7;1011,4;1011,9;1011,4;7,9;55,0;12,6;3560,04;0,0;
06/10/2019;1600;27,1;27,7;26,9;70,0;74,0;66,0;21,2;22,0;20,6;1010,7;1011,4;1010,6;7,5;56,0;13,0;3527,61;0,0;
06/10/2019;1700;27,1;27,5;26,9;71,0;72,0;67,0;21,5;21,8;20,9;1009,9;1010,7;1009,9;7,7;52,0;13,1;3111,53;0,0;
06/10/2019;1800;26,9;27,5;26,9;74,0;74,0;67,0;21,9;21,9;20,7;1009,8;1010,0;1009,7;7,1;51,0;13,1;2513,69;0,0;
06/10/2019;1900;25,8;27,0;25,8;74,0;75,0;71,0;20,9;21,9;20,7;1009,7;1009,8;1009,5;6,1;52,0;13,5;1581,30;0,0;
06/10/2019;2000;24,7;26,1;24,7;85,0;85,0;73,0;22,0;22,2;20,7;1009,9;1010,0;1009,7;5,6;55,0;10,7;785,46;0,0;
06/10/2019;2100;24,0;24,7;24,0;83,0;88,0;83,0;20,9;22,0;20,9;1010,3;1010,3;1009,9;5,6;39,0;10,3;41,46;0,0;
06/10/2019;2200;23,7;23,9;23,7;85,0;85,0;83,0;21,1;21,1;20,9;1010,8;1010,8;1010,3;6,2;25,0;9,5;;0,0;
06/10/2019;2300;23,4;23,7;23,4;87,0;87,0;85,0;21,1;21,2;21,1;1011,5;1011,5;1010,8;4,5;17,0;9,5;;0,0;
07/10/2019;0000;23,0;23,4;23,0;87,0;87,0;86,0;20,7;21,1;20,7;1012,1;1012,1;1011,5;3,3;23,0;7,4;;0,0;
07/10/2019;0100;22,7;23,0;22,7;86,0;88,0;85,0;20,2;20,7;20,1;1012,6;1012,6;1012,1;3,4;17,0;5,5;;0,0;
07/10/2019;0200;22,4;22,7;22,3;86,0;87,0;86,0;19,9;20,3;19,9;1012,2;1012,6;1012,2;3,9;8,0;5,8;;0,0;
07/10/2019;0300;22,3;22,5;22,3;87,0;87,0;85,0;20,1;20,1;19,9;1012,1;1012,2;1012,1;3,8;3,0;6,2;;0,0;
07/10/2019;0400;21,4;22,3;21,4;91,0;91,0;87,0;19,8;20,1;19,8;1011,9;1012,1;1011,9;2,8;353,0;5,5;;0,0;
07/10/2019;0500;21,3;21,5;21,2;91,0;92,0;90,0;19,8;20,0;19,8;1011,1;1011,9;1011,1;2,9;353,0;4,8;;0,0;
07/10/2019;0600;20,7;21,4;20,7;92,0;92,0;90,0;19,4;19,9;19,4;1011,1;1011,1;1011,0;2,2;339,0;4,6;;0,0;
07/10/2019;0700;20,7;20,9;20,6;93,0;94,0;92,0;19,5;19,8;19,4;1011,5;1011,5;1011,1;2,6;348,0;3,9;;0,0;
07/10/2019;0800;20,6;21,0;20,6;94,0;94,0;92,0;19,6;19,8;19,4;1012,0;1012,0;1011,5;1,6;347,0;3,9;;0,0;
07/10/2019;0900;21,0;21,0;20,4;94,0;95,0;94,0;20,0;20,0;19,4;1012,4;1012,4;1012,0;2,2;347,0;3,1;56,18;0,0;
07/10/2019;1000;23,3;23,4;21,0;81,0;94,0;81,0;19,9;20,8;19,9;1013,1;1013,1;1012,4;3,8;358,0;5,8;649,74;0,0;
07/10/2019;1100;24,9;25,0;23,2;73,0;81,0;71,0;19,7;20,4;19,2;1013,5;1013,5;1013,1;5,6;9,0;8,3;1616,55;0,0;
07/10/2019;1200;25,9;26,1;24,8;74,0;74,0;69,0;21,0;21,0;19,3;1013,6;1013,6;1013,5;5,3;13,0;9,7;1669,05;0,0;
07/10/2019;1300;27,4;27,7;25,7;61,0;74,0;60,0;19,2;20,8;19,0;1013,2;1013,7;1013,1;6,4;21,0;9,2;2833,79;0,0;
07/10/2019;1400;28,6;29,1;27,3;64,0;67,0;56,0;21,1;21,9;19,2;1012,8;1013,2;1012,8;4,9;33,0;9,2;3349,73;0,0;
07/10/2019;1500;28,1;29,0;28,0;66,0;67,0;62,0;21,0;21,7;20,7;1011,9;1012,8;1011,9;6,9;59,0;10,9;3667,99;0,0;
07/10/2019;1600;28,0;28,4;27,6;66,0;68,0;64,0;20,9;21,4;20,5;1011,0;1011,9;1011,0;6,9;60,0;11,9;3521,03;0,0;
07/10/2019;1700;27,6;28,1;27,5;68,0;68,0;64,0;21,1;21,5;20,2;1010,2;1011,0;1010,2;7,0;53,0;11,9;3110,83;0,0;
07/10/2019;1800;27,0;27,6;26,9;70,0;71,0;65,0;21,1;21,6;20,4;1010,0;1010,3;1009,9;7,2;59,0;12,6;2469,11;0,0;
07/10/2019;1900;26,2;27,1;26,2;71,0;72,0;67,0;20,5;21,4;20,2;1009,8;1010,1;1009,8;7,4;54,0;12,5;1662,30;0,0;
07/10/2019;2000;25,1;26,2;25,1;78,0;78,0;70,0;21,1;21,3;20,3;1010,3;1010,3;1009,8;5,9;52,0;12,4;778,73;0,0;
07/10/2019;2100;24,0;25,1;24,0;83,0;83,0;78,0;20,9;21,1;20,9;1010,9;1010,9;1010,3;3,5;48,0;9,4;92,39;0,0;
07/10/2019;2200;23,7;24,0;23,7;85,0;85,0;83,0;21,1;21,1;20,9;1011,2;1011,3;1010,9;3,3;32,0;6,7;;0,0;
07/10/2019;2300;24,0;24,1;23,7;83,0;86,0;82,0;21,0;21,1;20,7;1011,9;1011,9;1011,2;4,8;28,0;8,7;;0,0;
08/10/2019;0000;23,7;24,0;23,7;83,0;84,0;83,0;20,7;21,0;20,7;1012,5;1012,5;1011,9;4,6;16,0;7,8;;0,0;
08/10/2019;0100;23,0;23,7;23,0;88,0;88,0;83,0;20,8;21,0;20,7;1012,6;1012,6;1012,5;3,1;3,0;7,7;;0,0;
08/10/2019;0200;22,6;23,0;22,4;87,0;89,0;87,0;20,4;20,8;20,3;1012,4;1012,6;1012,4;3,9;4,0;6,2;;0,0;
08/10/2019;0300;21,8;22,6;21,8;91,0;91,0;87,0;20,3;20,5;20,3;1011,8;1012,4;1011,8;2,6;354,0;6,2;;0,0;
08/10/2019;0400;22,0;22,1;21,6;90,0;92,0;90,0;20,4;20,4;20,2;1011,2;1011,8;1011,2;2,8;358,0;5,0;;0,0;
08/10/2019;0500;22,3;22,4;21,9;90,0;91,0;90,0;20,7;20,8;20,3;1010,9;1011,2;1010,9;3,8;5,0;5,9;;0,0;
08/10/2019;0600;22,0;22,4;22,0;92,0;92,0;90,0;20,6;20,8;20,6;1010,7;1010,9;1010,7;3,0;3,0;5,9;;0,0;
08/10/2019;0700;21,9;22,1;21,8;93,0;93,0;92,0;20,7;20,8;20,5;1010,7;1010,8;1010,6;2,9;8,0;5,5;;0,0;
08/10/2019;0800;21,7;21,9;21,7;94,0;94,0;93,0;20,7;20,7;20,6;1011,1;1011,1;1010,7;3,2;1,0;4,6;;0,0;
08/10/2019;0900;22,0;22,0;21,6;93,0;94,0;93,0;20,8;20,8;20,6;1011,6;1011,6;1011,1;3,6;9,0;5,1;55,13;0,0;
08/10/2019;1000;23,7;23,7;22,0;84,0;93,0;83,0;20,7;21,1;20,7;1011,9;1011,9;1011,5;4,7;353,0;7,1;631,38;0,0;
08/10/2019;1100;25,7;25,7;23,7;73,0;84,0;72,0;20,4;20,8;20,2;1012,4;1012,4;1011,9;6,3;357,0;9,3;1676,34;0,0;
08/10/2019;1200;27,9;27,9;25,6;63,0;73,0;62,0;20,3;20,9;19,7;1012,5;1012,7;1012,4;5,6;3,0;9,8;2483,49;0,0;
08/10/2019;1300;29,4;29,6;27,8;53,0;64,0;53,0;18,9;20,3;18,6;1012,2;1012,5;1012,2;5,5;7,0;9,3;3135,51;0,0;
08/10/2019;1400;29,7;30,1;29,2;62,0;64,0;48,0;21,6;22,2;17,5;1011,7;1012,2;1011,7;5,3;63,0;9,1;3510,35;0,0;
08/10/2019;1500;29,0;30,1;29,0;65,0;65,0;60,0;21,7;22,3;21,2;1010,9;1011,7;1010,9;6,6;61,0;10,9;3614,44;0,0;
08/10/2019;1600;28,2;29,4;28,1;71,0;72,0;63,0;22,4;22,6;21,3;1010,3;1010,9;1010,2;7,9;54,0;13,1;3469,61;0,0;
08/10/2019;1700;27,5;28,4;27,4;73,0;75,0;70,0;22,3;23,1;21,9;1009,6;1010,3;1009,6;8,5;54,0;14,2;3061,43;0,0;
08/10/2019;1800;27,4;27,8;27,3;72,0;74,0;70,0;21,8;22,3;21,6;1009,6;1009,7;1009,5;6,7;54,0;13,7;2432,26;0,0;
08/10/2019;1900;27,1;27,5;27,0;71,0;72,0;69,0;21,4;21,8;21,2;1009,5;1009,7;1009,5;5,4;49,0;12,2;1629,14;0,0;
08/10/2019;2000;25,8;27,1;25,8;74,0;74,0;71,0;20,8;21,4;20,7;1009,9;1009,9;1009,5;4,9;43,0;11,5;703,84;0,0;
08/10/2019;2100;25,1;25,8;25,1;75,0;77,0;74,0;20,4;20,8;20,4;1010,7;1010,7;1009,9;5,4;37,0;10,0;42,65;0,0;
08/10/2019;2200;24,8;25,1;24,8;80,0;80,0;75,0;21,0;21,1;20,4;1011,2;1011,2;1010,7;4,1;35,0;9,0;;0,0;
08/10/2019;2300;24,6;24,8;24,6;81,0;81,0;79,0;21,1;21,2;21,0;1012,1;1012,1;1011,2;4,1;27,0;7,1;;0,0;
09/10/2019;0000;24,4;24,6;24,4;80,0;81,0;78,0;20,7;21,1;20,6;1012,7;1012,7;1012,1;3,7;20,0;8,2;;0,0;
09/10/2019;0100;24,0;24,4;23,9;80,0;82,0;80,0;20,3;20,7;20,3;1012,5;1012,7;1012,4;4,3;15,0;7,5;;0,0;
09/10/2019;0200;23,9;24,0;23,7;80,0;81,0;79,0;20,2;20,3;20,1;1012,4;1012,6;1012,4;4,3;14,0;7,0;;0,0;
09/10/2019;0300;23,8;24,0;23,6;83,0;84,0;80,0;20,7;20,7;20,3;1012,1;1012,4;1012,1;4,0;14,0;6,7;;0,0;
09/10/2019;0400;23,4;23,9;23,4;86,0;86,0;83,0;20,9;20,9;20,7;1011,8;1012,1;1011,8;3,0;11,0;5,9;;0,0;
09/10/2019;0500;23,2;23,6;23,2;86,0;86,0;85,0;20,7;21,0;20,7;1010,9;1011,8;1010,9;3,9;12,0;5,6;;0,0;
09/10/2019;0600;21,9;23,2;21,8;92,0;92,0;86,0;20,6;20,7;20,3;1010,7;1010,9;1010,7;1,9;349,0;5,6;;0,0;
09/10/2019;0700;22,6;22,6;21,9;88,0;92,0;88,0;20,5;20,6;20,3;1011,2;1011,2;1010,7;2,1;24,0;3,3;;0,0;
09/10/2019;0800;22,5;22,7;22,4;90,0;91,0;88,0;20,8;20,9;20,5;1011,8;1011,8;1011,2;2,5;8,0;3,4;;0,0;
09/10/2019;0900;22,9;22,9;22,5;88,0;90,0;87,0;20,8;20,9;20,6;1012,4;1012,4;1011,8;2,4;25,0;3,9;50,90;0,0;
09/10/2019;1000;23,5;23,5;22,8;88,0;90,0;87,0;21,5;21,5;20,7;1013,3;1013,3;1012,4;1,9;324,0;3,6;295,23;0,0;
09/10/2019;1100;26,1;26,1;23,5;70,0;89,0;70,0;20,2;21,7;20,2;1013,8;1013,8;1013,3;4,4;6,0;6,5;1527,10;0,0;
09/10/2019;1200;27,4;27,4;26,1;62,0;73,0;62,0;19,5;21,3;19,5;1013,6;1013,9;1013,6;4,9;16,0;8,1;2330,66;0,0;
09/10/2019;1300;28,2;28,8;27,4;71,0;71,0;58,0;22,4;22,6;19,4;1013,3;1013,6;1013,2;6,2;63,0;9,7;3031,18;0,0;
09/10/2019;1400;28,1;28,4;27,6;70,0;73,0;68,0;22,1;22,6;21,8;1012,9;1013,4;1012,9;6,0;60,0;11,5;3604,87;0,0;
09/10/2019;1500;28,8;28,9;27,8;66,0;71,0;66,0;21,9;22,5;21,4;1012,1;1012,9;1012,0;6,2;52,0;11,5;3662,58;0,0;
09/10/2019;1600;28,6;29,2;27,9;66,0;69,0;63,0;21,6;22,2;21,2;1011,3;1012,1;1011,2;6,4;53,0;11,8;3292,83;0,0;
09/10/2019;1700;27,9;28,6;27,8;68,0;71,0;66,0;21,5;22,3;21,4;1010,5;1011,3;1010,5;6,7;57,0;12,1;3068,82;0,0;
09/10/2019;1800;27,4;28,1;27,2;71,0;73,0;67,0;21,6;22,2;21,3;1010,5;1010,6;1010,3;6,7;52,0;12,5;2424,31;0,0;
09/10/2019;1900;26,4;27,5;26,4;75,0;75,0;71,0;21,6;21,9;21,4;1010,7;1010,7;1010,5;6,8;58,0;11,8;1638,93;0,0;
09/10/2019;2000;25,2;26,4;25,2;79,0;79,0;75,0;21,4;21,7;21,2;1011,2;1011,2;1010,7;5,7;50,0;11,8;549,00;0,0;
09/10/2019;2100;24,8;25,2;24,8;82,0;82,0;79,0;21,4;21,4;21,3;1012,1;1012,1;1011,2;4,6;52,0;9,6;44,31;0,0;
09/10/2019;2200;24,5;24,8;24,5;83,0;83,0;82,0;21,4;21,5;21,3;1012,4;1012,4;1012,1;3,6;48,0;7,8;;0,0;
09/10/2019;2300;24,5;24,5;24,5;82,0;84,0;82,0;21,3;21,5;21,3;1012,9;1013,0;1012,4;3,6;35,0;7,7;;0,0;
10/10/2019;0000;24,6;24,6;24,5;82,0;82,0;82,0;21,3;21,4;21,2;1013,6;1013,6;1012,9;3,3;44,0;6,8;;0,0;
10/10/2019;0100;24,3;24,6;24,3;86,0;86,0;82,0;21,9;21,9;21,2;1013,8;1013,8;1013,6;2,7;45,0;5,5;;0,0;
10/10/2019;0200;23,7;24,3;23,7;90,0;90,0;86,0;21,9;22,2;21,8;1013,6;1013,8;1013,6;2,8;43,0;5,3;;0,0;
10/10/2019;0300;23,4;23,7;23,3;90,0;92,0;90,0;21,7;22,2;21,6;1013,2;1013,6;1013,2;2,7;22,0;5,3;;0,4;
10/10/2019;0400;23,3;23,4;23,3;90,0;92,0;90,0;21,6;22,0;21,6;1012,7;1013,2;1012,7;2,4;24,0;4,4;;0,2;
10/10/2019;0500;23,2;23,3;23,2;92,0;92,0;90,0;21,8;21,8;21,5;1012,3;1012,7;1012,3;1,7;68,0;4,0;0,15;0,0;
10/10/2019;0600;23,0;23,2;22,9;95,0;95,0;92,0;22,1;22,3;21,9;1012,4;1012,4;1012,3;1,8;51,0;3,8;;0,4;
10/10/2019;0700;23,0;23,0;23,0;88,0;95,0;88,0;20,9;22,1;20,9;1012,5;1012,5;1012,2;3,4;32,0;5,1;0,20;0,0;
10/10/2019;0800;23,0;23,0;22,9;88,0;88,0;87,0;20,9;20,9;20,7;1013,2;1013,2;1012,5;2,3;31,0;4,9;0,88;0,0;
10/10/2019;0900;23,1;23,1;22,9;88,0;89,0;86,0;21,1;21,1;20,6;1014,1;1014,1;1013,2;2,2;7,0;5,1;55,71;0,0;
10/10/2019;1000;23,5;23,5;23,1;85,0;89,0;85,0;20,8;21,2;20,7;1014,7;1014,7;1014,1;2,9;6,0;4,3;339,62;0,0;
10/10/2019;1100;24,7;24,9;23,5;76,0;85,0;76,0;20,2;21,2;20,2;1015,3;1015,3;1014,7;3,6;37,0;6,1;1155,92;0,0;
10/10/2019;1200;25,9;26,4;24,6;69,0;78,0;66,0;19,8;20,7;19,5;1015,4;1015,6;1015,3;3,8;5,0;6,7;1589,31;0,0;
10/10/2019;1300;27,1;28,0;25,8;66,0;72,0;65,0;20,2;21,5;20,0;1015,1;1015,4;1015,1;5,0;48,0;8,1;2901,29;0,0;
10/10/2019;1400;26,3;27,2;25,5;67,0;74,0;66,0;19,7;20,8;19,4;1014,7;1015,2;1014,7;4,7;49,0;8,5;998,49;0,0;
10/10/2019;1500;27,1;27,9;26,1;59,0;69,0;59,0;18,6;21,0;18,5;1013,9;1014,7;1013,8;5,4;56,0;10,2;1780,33;0,0;
10/10/2019;1600;27,0;28,1;26,7;70,0;72,0;60,0;21,0;22,0;18,3;1013,3;1013,9;1013,3;6,4;57,0;11,7;2587,37;0,0;
10/10/2019;1700;27,5;27,9;27,0;66,0;71,0;62,0;20,5;21,9;19,6;1012,9;1013,4;1012,8;6,2;52,0;11,3;2977,34;0,0;
10/10/2019;1800;27,1;27,5;26,2;65,0;73,0;63,0;20,0;21,2;19,9;1013,0;1013,1;1012,8;4,8;53,0;10,0;1822,36;0,0;
10/10/2019;1900;26,3;27,1;26,1;69,0;71,0;65,0;20,1;20,8;19,5;1013,1;1013,1;1012,9;4,8;44,0;9,8;1567,63;0,0;
10/10/2019;2000;25,0;26,3;25,0;77,0;77,0;68,0;20,6;20,9;20,0;1013,5;1013,5;1013,0;3,6;49,0;8,2;673,18;0,0;
10/10/2019;2100;23,7;25,0;23,7;82,0;82,0;76,0;20,4;20,6;20,3;1014,1;1014,1;1013,5;3,1;46,0;6,5;93,45;0,0;
10/10/2019;2200;23,1;23,7;23,1;85,0;85,0;82,0;20,4;20,5;20,3;1014,6;1014,6;1014,1;2,1;67,0;5,3;;0,0;
10/10/2019;2300;23,3;23,3;23,0;85,0;85,0;84,0;20,5;20,6;20,3;1015,4;1015,4;1014,6;1,6;82,0;4,3;;0,0;
11/10/2019;0000;23,3;23,3;23,2;83,0;85,0;82,0;20,1;20,6;20,0;1016,0;1016,0;1015,4;2,2;74,0;4,6;;0,0;
11/10/2019;0100;23,1;23,4;23,0;82,0;83,0;81,0;19,9;20,1;19,9;1016,0;1016,1;1016,0;2,0;58,0;5,0;;0,0;
11/10/2019;0200;23,0;23,2;23,0;83,0;83,0;81,0;19,9;19,9;19,7;1015,6;1016,0;1015,6;1,9;46,0;4,0;;0,0;
11/10/2019;0300;22,9;23,0;22,9;83,0;83,0;82,0;19,9;19,9;19,8;1015,6;1015,8;1015,5;1,6;59,0;3,3;;0,0;
11/10/2019;0400;22,3;22,9;22,3;83,0;83,0;82,0;19,3;19,8;19,3;1015,1;1015,6;1015,1;1,8;55,0;3,7;;0,0;
11/10/2019;0500;21,6;22,3;21,6;85,0;86,0;83,0;19,1;19,3;19,1;1014,2;1015,1;1014,2;2,0;28,0;3,1;;0,0;
11/10/2019;0600;20,7;21,8;20,7;89,0;89,0;83,0;18,8;19,0;18,6;1014,1;1014,2;1014,0;1,2;334,0;3,4;;0,0;
11/10/2019;0700;19,6;20,6;19,5;94,0;94,0;89,0;18,6;19,2;18,6;1014,2;1014,2;1014,0;0,8;310,0;1,5;;0,0;
11/10/2019;0800;19,2;19,7;19,2;96,0;96,0;94,0;18,6;19,0;18,4;1014,4;1014,4;1014,2;1,4;347,0;2,3;;0,0;
11/10/2019;0900;19,3;19,7;19,1;97,0;97,0;96,0;18,8;19,1;18,5;1015,0;1015,0;1014,4;1,2;323,0;2,3;56,38;0,0;
11/10/2019;1000;21,9;21,9;19,3;91,0;97,0;91,0;20,4;21,1;18,8;1016,0;1016,0;1015,0;1,3;318,0;2,0;408,15;0,0;
11/10/2019;1100;24,5;24,5;21,8;68,0;91,0;68,0;18,1;20,5;18,0;1016,3;1016,3;1016,0;4,2;8,0;6,2;1676,56;0,0;
11/10/2019;1200;26,0;26,1;24,5;61,0;71,0;61,0;18,0;19,1;17,4;1016,3;1016,5;1016,3;3,6;14,0;6,3;1826,07;0,0;
11/10/2019;1300;27,3;27,4;25,7;63,0;65,0;56,0;19,6;19,8;17,5;1016,2;1016,4;1016,2;4,7;55,0;8,3;2449,51;0,0;
11/10/2019;1400;28,0;28,1;26,5;57,0;66,0;55,0;18,8;20,3;18,1;1015,7;1016,3;1015,7;5,2;54,0;8,6;3403,91;0,0;
11/10/2019;1500;28,1;28,4;27,4;59,0;63,0;57,0;19,3;20,2;18,4;1015,0;1015,7;1015,0;6,0;55,0;10,0;3819,05;0,0;
11/10/2019;1600;27,5;28,1;27,4;68,0;68,0;58,0;21,0;21,0;18,9;1014,1;1015,0;1014,1;6,9;59,0;11,7;3576,33;0,0;
11/10/2019;1700;27,7;28,2;27,0;65,0;70,0;63,0;20,5;21,9;19,8;1013,4;1014,2;1013,4;5,9;49,0;12,0;3193,03;0,0;
11/10/2019;1800;26,7;27,7;26,5;67,0;69,0;64,0;20,2;20,7;19,8;1013,2;1013,4;1013,1;6,6;47,0;13,0;2533,62;0,0;
11/10/2019;1900;26,0;26,7;25,8;67,0;71,0;66,0;19,4;20,7;19,2;1013,1;1013,3;1013,0;6,1;56,0;12,1;1610,20;0,0;
11/10/2019;2000;24,8;26,1;24,8;72,0;72,0;66,0;19,3;19,7;19,1;1013,5;1013,5;1013,0;4,2;41,0;11,3;484,03;0,0;
11/10/2019;2100;24,1;24,8;24,1;76,0;76,0;69,0;19,6;19,6;18,7;1014,2;1014,2;1013,4;4,1;36,0;9,9;54,93;0,0;
11/10/2019;2200;24,2;24,3;24,0;77,0;77,0;76,0;20,0;20,0;19,6;1014,6;1014,6;1014,2;3,8;29,0;7,2;;0,0;
11/10/2019;2300;24,4;24,4;24,2;76,0;78,0;76,0;20,0;20,1;19,7;1015,0;1015,0;1014,6;5,0;23,0;8,5;;0,0;
12/10/2019;0000;24,1;24,4;24,0;78,0;79,0;76,0;20,1;20,2;19,9;1015,4;1015,4;1014,9;3,5;17,0;8,5;;0,0;
12/10/2019;0100;23,9;24,2;23,9;79,0;79,0;77,0;20,1;20,1;19,8;1015,7;1015,7;1015,4;3,6;18,0;7,4;;0,0;
12/10/2019;0200;23,5;23,9;23,5;81,0;81,0;79,0;20,1;20,2;20,1;1015,3;1015,7;1015,3;3,8;13,0;6,5;;0,0;
12/10/2019;0300;21,8;23,5;21,7;88,0;88,0;81,0;19,8;20,1;19,7;1015,2;1015,3;1015,2;1,8;352,0;5,9;;0,0;
12/10/2019;0400;21,8;21,9;21,3;87,0;90,0;86,0;19,4;19,8;19,4;1014,6;1015,2;1014,6;2,2;18,0;3,2;;0,0;
12/10/2019;0500;21,7;21,8;21,0;89,0;91,0;87,0;19,8;19,9;19,2;1014,2;1014,6;1014,2;2,2;25,0;3,6;;0,0;
12/10/2019;0600;21,5;21,7;21,3;89,0;90,0;88,0;19,7;19,8;19,5;1014,0;1014,3;1014,0;2,6;10,0;4,1;;0,0;
12/10/2019;0700;21,3;21,7;21,2;90,0;90,0;88,0;19,6;19,7;19,4;1014,1;1014,1;1014,0;2,7;8,0;3,9;;0,0;
12/10/2019;0800;19,9;21,3;19,9;95,0;95,0;90,0;19,1;19,7;19,0;1014,6;1014,6;1014,1;1,7;318,0;4,0;;0,0;
12/10/2019;0900;20,2;20,2;19,6;95,0;96,0;95,0;19,4;19,4;18,8;1015,3;1015,3;1014,6;1,2;326,0;2,6;73,36;0,0;
12/10/2019;1000;23,5;23,5;20,2;83,0;95,0;82,0;20,4;20,4;19,4;1015,6;1015,6;1015,3;3,0;6,0;4,8;648,81;0,0;
12/10/2019;1100;25,9;26,0;23,5;69,0;83,0;68,0;19,7;20,5;19,5;1015,5;1015,7;1015,5;5,0;3,0;8,1;1663,70;0,0;
12/10/2019;1200;27,0;27,0;25,2;65,0;72,0;63,0;19,8;20,3;19,2;1015,7;1015,8;1015,5;4,3;356,0;8,1;2047,16;0,0;
12/10/2019;1300;27,6;28,6;26,2;60,0;68,0;57,0;19,0;20,4;18,6;1015,1;1015,7;1015,1;4,2;12,0;8,2;2480,47;0,0;
12/10/2019;1400;28,6;28,9;27,3;62,0;64,0;59,0;20,7;21,2;18,8;1014,0;1015,1;1014,0;6,4;54,0;10,5;3322,25;0,0;
12/10/2019;1500;28,2;29,1;28,2;66,0;67,0;61,0;21,2;21,9;20,5;1013,1;1014,0;1013,1;7,3;53,0;12,1;3820,06;0,0;
12/10/2019;1600;27,7;28,2;27,6;67,0;69,0;65,0;20,9;21,6;20,8;1012,2;1013,1;1012,2;8,7;57,0;13,8;3545,78;0,0;
12/10/2019;1700;27,7;28,2;27,3;68,0;70,0;65,0;21,3;21,8;20,7;1011,4;1012,3;1011,4;6,7;56,0;13,8;3174,75;0,0;
12/10/2019;1800;27,1;27,8;27,1;69,0;70,0;67,0;20,9;21,5;20,8;1011,1;1011,4;1011,0;8,1;55,0;13,1;2557,15;0,0;
12/10/2019;1900;26,5;27,3;26,5;72,0;72,0;68,0;21,0;21,3;20,4;1010,8;1011,1;1010,8;6,8;59,0;13,6;1789,25;0,0;
12/10/2019;2000;25,4;26,5;25,4;76,0;76,0;72,0;20,9;21,3;20,8;1011,0;1011,1;1010,8;5,4;54,0;11,4;802,67;0,0;
12/10/2019;2100;24,8;25,3;24,8;79,0;80,0;76,0;20,9;21,0;20,8;1011,5;1011,5;1010,9;3,8;52,0;9,4;50,11;0,0;
12/10/2019;2200;24,8;24,8;24,7;78,0;79,0;77,0;20,6;21,0;20,5;1012,3;1012,3;1011,4;4,2;38,0;7,4;;0,0;
12/10/2019;2300;24,7;24,8;24,6;78,0;79,0;77,0;20,6;20,7;20,4;1012,8;1012,8;1012,1;5,0;35,0;9,1;;0,0;
13/10/2019;0000;24,3;24,7;24,3;81,0;81,0;78,0;20,9;20,9;20,6;1013,2;1013,2;1012,8;4,0;27,0;8,5;;0,0;
13/10/2019;0100;24,3;24,3;24,2;79,0;81,0;79,0;20,5;20,9;20,4;1013,4;1013,5;1013,2;5,3;18,0;8,4;;0,0;
13/10/2019;0200;23,7;24,3;23,7;82,0;82,0;79,0;20,5;20,5;20,4;1013,2;1013,5;1013,2;3,8;13,0;8,5;;0,0;
13/10/2019;0300;23,3;23,7;23,0;83,0;85,0;82,0;20,2;20,5;20,2;1012,8;1013,3;1012,8;3,1;18,0;5,4;;0,0;
13/10/2019;0400;23,0;23,3;22,9;84,0;84,0;82,0;20,0;20,2;20,0;1012,3;1012,8;1012,3;3,6;14,0;5,8;;0,0;
13/10/2019;0500;22,1;22,9;22,1;88,0;88,0;84,0;20,1;20,1;20,0;1012,0;1012,3;1012,0;2,7;3,0;5,6;;0,0;
13/10/2019;0600;22,0;22,4;21,9;91,0;91,0;87,0;20,4;20,4;20,1;1011,7;1012,0;1011,7;3,0;5,0;5,0;;0,0;
13/10/2019;0700;22,0;22,4;21,9;90,0;91,0;88,0;20,2;20,5;20,2;1012,0;1012,0;1011,6;2,9;353,0;6,0;;0,0;
13/10/2019;0800;21,7;22,0;21,6;90,0;92,0;89,0;20,0;20,3;19,9;1012,5;1012,5;1012,0;2,5;2,0;5,0;;0,0;
13/10/2019;0900;22,3;22,3;21,6;89,0;90,0;89,0;20,5;20,5;19,8;1013,3;1013,3;1012,5;2,4;2,0;4,0;71,67;0,0;
13/10/2019;1000;24,1;24,1;22,3;80,0;89,0;80,0;20,5;20,6;20,4;1013,6;1013,8;1013,3;3,9;360,0;5,9;588,50;0,0;
13/10/2019;1100;26,0;26,0;24,1;74,0;81,0;73,0;20,9;21,1;20,3;1013,8;1013,8;1013,6;5,3;9,0;8,6;1623,60;0,0;
13/10/2019;1200;27,2;27,2;25,8;69,0;73,0;66,0;20,9;20,9;19,7;1014,0;1014,0;1013,8;5,6;14,0;9,6;2495,01;0,0;
13/10/2019;1300;28,0;28,7;26,4;62,0;70,0;60,0;20,1;21,2;19,7;1013,8;1014,1;1013,8;5,6;25,0;9,8;2426,74;0,0;
13/10/2019;1400;28,6;29,0;27,6;62,0;65,0;61,0;20,5;21,7;20,0;1013,3;1013,8;1013,3;6,0;55,0;10,3;3457,39;0,0;
13/10/2019;1500;29,1;29,4;28,6;59,0;63,0;58,0;20,4;21,0;20,2;1012,5;1013,4;1012,5;6,6;57,0;10,9;3727,22;0,0;
13/10/2019;1600;28,6;29,2;28,1;63,0;64,0;58,0;20,8;20,9;19,8;1011,7;1012,5;1011,7;7,9;56,0;14,3;3585,51;0,0;
13/10/2019;1700;27,6;28,6;27,6;67,0;67,0;61,0;20,9;21,4;20,1;1010,9;1011,7;1010,9;8,2;58,0;13,4;3169,46;0,0;
13/10/2019;1800;27,2;27,9;27,1;68,0;70,0;65,0;20,8;21,6;20,4;1010,9;1011,0;1010,8;7,4;56,0;14,4;2538,07;0,0;
13/10/2019;1900;26,6;27,3;26,6;66,0;72,0;65,0;19,8;21,5;19,7;1010,7;1010,9;1010,6;7,0;54,0;13,9;1725,78;0,0;
13/10/2019;2000;25,4;26,6;25,4;74,0;75,0;66,0;20,4;20,8;19,8;1010,9;1010,9;1010,6;5,6;48,0;12,1;786,88;0,0;
13/10/2019;2100;24,5;25,4;24,5;77,0;77,0;74,0;20,2;20,4;19,7;1011,3;1011,3;1010,9;4,7;37,0;8,9;74,81;0,0;
13/10/2019;2200;24,5;24,5;24,3;74,0;77,0;73,0;19,7;20,1;19,4;1011,8;1011,9;1011,3;6,2;26,0;11,0;;0,0;
13/10/2019;2300;23,9;24,5;23,9;76,0;76,0;74,0;19,5;19,7;19,5;1012,2;1012,2;1011,8;5,0;15,0;9,6;;0,0;
14/10/2019;0000;23,1;23,9;23,1;79,0;79,0;74,0;19,3;19,5;19,0;1012,4;1012,5;1012,1;4,0;9,0;9,8;;0,0;
14/10/2019;0100;22,9;23,2;22,9;79,0;81,0;77,0;19,0;19,4;18,9;1012,5;1012,5;1012,4;5,2;13,0;9,0;;0,0;
14/10/2019;0200;22,3;22,9;22,1;81,0;83,0;79,0;18,9;19,2;18,9;1012,5;1012,6;1012,3;4,2;4,0;8,0;;0,0;
14/10/2019;0300;22,2;22,3;22,0;81,0;82,0;81,0;18,8;19,0;18,8;1011,9;1012,5;1011,9;4,4;19,0;7,2;;0,0;
14/10/2019;0400;22,0;22,2;21,7;82,0;84,0;81,0;18,8;18,9;18,8;1011,3;1011,9;1011,3;4,7;13,0;7,4;;0,0;
14/10/2019;0500;21,7;22,0;21,5;85,0;85,0;82,0;18,9;19,0;18,7;1011,0;1011,3;1011,0;3,7;18,0;7,4;;0,0;
14/10/2019;0600;21,2;21,7;21,2;85,0;87,0;84,0;18,6;19,0;18,6;1011,0;1011,0;1010,9;4,3;4,0;6,3;;0,0;
14/10/2019;0700;20,2;21,2;19,7;87,0;90,0;85,0;18,0;18,7;18,0;1011,3;1011,3;1011,0;2,9;13,0;6,0;;0,0;
14/10/2019;0800;18,9;20,2;18,8;90,0;91,0;87,0;17,2;18,1;17,2;1011,9;1011,9;1011,3;2,4;351,0;4,6;;0,0;
14/10/2019;0900;19,6;19,6;18,7;86,0;90,0;86,0;17,2;17,4;16,9;1012,3;1012,3;1011,9;2,6;346,0;4,3;56,08;0,0;
14/10/2019;1000;23,1;23,1;19,6;74,0;86,0;73,0;18,2;18,6;17,1;1012,8;1012,8;1012,3;3,1;356,0;4,4;600,07;0,0;
14/10/2019;1100;26,1;26,1;23,1;63,0;75,0;61,0;18,4;18,6;17,6;1013,0;1013,0;1012,8;5,1;4,0;8,4;1824,15;0,0;
14/10/2019;1200;27,3;27,7;25,9;60,0;62,0;58,0;18,9;19,2;17,5;1013,0;1013,0;1012,9;6,4;359,0;10,7;2631,70;0,0;
14/10/2019;1300;29,1;29,1;27,4;51,0;60,0;50,0;17,9;19,1;17,3;1012,3;1013,0;1012,3;8,5;9,0;11,9;3284,23;0,0;
14/10/2019;1400;30,0;30,2;28,8;48,0;53,0;47,0;17,7;18,5;17,0;1011,7;1012,4;1011,7;7,6;7,0;12,3;3723,03;0,0;
14/10/2019;1500;29,9;30,6;29,9;57,0;57,0;43,0;20,6;20,8;16,7;1010,7;1011,8;1010,7;6,1;60,0;11,4;3832,53;0,0;
14/10/2019;1600;28,9;30,0;28,6;60,0;62,0;55,0;20,2;20,8;20,0;1009,9;1010,8;1009,9;7,7;58,0;13,2;3609,04;0,0;
14/10/2019;1700;28,6;29,1;28,5;60,0;61,0;58,0;20,2;20,6;19,6;1009,1;1009,9;1009,1;7,7;54,0;13,1;3174,37;0,0;
14/10/2019;1800;28,1;29,0;28,1;62,0;62,0;57,0;20,1;20,5;19,0;1009,0;1009,1;1008,9;7,1;53,0;13,0;2541,19;0,0;
14/10/2019;1900;27,5;28,3;27,4;62,0;66,0;60,0;19,6;20,7;19,1;1009,1;1009,1;1008,7;6,6;46,0;12,2;1714,36;0,0;
14/10/2019;2000;26,4;27,5;26,4;63,0;63,0;58,0;18,7;19,6;18,1;1009,3;1009,3;1009,1;5,5;42,0;12,1;837,11;0,0;
14/10/2019;2100;24,8;26,4;24,8;73,0;73,0;63,0;19,7;19,7;18,5;1010,0;1010,0;1009,3;4,1;37,0;9,2;113,03;0,0;
14/10/2019;2200;24,2;24,8;24,2;79,0;79,0;73,0;20,3;20,3;19,5;1010,7;1010,7;1010,0;3,9;27,0;9,2;;0,0;
14/10/2019;2300;23,9;24,2;23,9;81,0;81,0;79,0;20,4;20,4;20,3;1011,2;1011,2;1010,7;4,4;20,0;7,9;;0,0;
15/10/2019;0000;23,3;23,9;23,3;82,0;83,0;80,0;20,0;20,4;20,0;1012,0;1012,0;1011,2;4,2;13,0;7,1;;0,0;
15/10/2019;0100;23,4;23,5;23,3;82,0;82,0;80,0;20,1;20,1;20,0;1011,9;1012,0;1011,8;5,6;10,0;9,1;;0,0;
15/10/2019;0200;23,2;23,5;23,2;83,0;83,0;81,0;20,1;20,2;20,0;1011,7;1012,0;1011,7;5,0;10,0;9,3;;0,0;
15/10/2019;0300;22,4;23,2;22,3;87,0;87,0;83,0;20,1;20,2;20,0;1011,6;1011,7;1011,5;3,3;355,0;7,8;;0,0;
15/10/2019;0400;22,3;22,4;22,3;87,0;87,0;86,0;20,1;20,2;20,0;1011,2;1011,6;1011,2;4,4;5,0;6,9;;0,0;
15/10/2019;0500;22,3;22,5;22,2;88,0;89,0;87,0;20,3;20,3;20,1;1010,8;1011,2;1010,8;4,3;7,0;6,8;;0,0;
15/10/2019;0600;22,1;22,4;22,1;89,0;89,0;88,0;20,3;20,4;20,2;1010,8;1010,8;1010,6;3,8;7,0;6,6;;0,0;
15/10/2019;0700;21,8;22,2;21,8;90,0;91,0;89,0;20,1;20,4;20,1;1011,3;1011,3;1010,8;3,2;4,0;5,7;;0,0;
15/10/2019;0800;21,1;21,8;21,1;92,0;92,0;90,0;19,7;20,1;19,7;1011,8;1011,8;1011,3;2,3;351,0;4,5;;0,0;
15/10/2019;0900;21,4;21,4;20,8;92,0;93,0;91,0;20,1;20,1;19,5;1012,6;1012,6;1011,8;1,4;336,0;3,3;64,77;0,0;
15/10/2019;1000;23,8;23,9;21,4;81,0;92,0;81,0;20,4;20,6;20,1;1013,5;1013,5;1012,6;2,1;3,0;3,6;599,33;0,0;
15/10/2019;1100;25,8;25,8;23,8;70,0;82,0;69,0;19,9;21,0;19,8;1013,9;1013,9;1013,5;2,5;12,0;4,9;1770,60;0,0;
15/10/2019;1200;26,7;27,2;25,9;63,0;70,0;61,0;19,0;20,3;18,4;1014,1;1014,1;1013,9;2,2;356,0;5,0;1971,17;0,0;
15/10/2019;1300;29,2;29,2;26,7;63,0;70,0;61,0;21,5;21,9;18,8;1013,6;1014,1;1013,6;1,7;90,0;5,3;2129,46;0,0;
15/10/2019;1400;29,2;29,7;28,6;65,0;67,0;61,0;22,0;22,0;20,7;1013,3;1013,7;1013,3;3,0;92,0;6,6;3598,26;0,0;
15/10/2019;1500;29,3;29,6;28,9;65,0;67,0;61,0;22,1;22,2;21,2;1012,9;1013,3;1012,8;3,7;89,0;8,0;3675,32;0,0;
15/10/2019;1600;28,8;29,9;28,8;64,0;67,0;60,0;21,5;22,2;21,3;1012,1;1012,9;1012,1;3,5;86,0;9,4;3447,70;0,0;
15/10/2019;1700;28,6;29,5;28,6;68,0;71,0;64,0;22,2;22,9;21,6;1011,7;1012,1;1011,7;4,1;80,0;10,0;3045,14;0,0;
15/10/2019;1800;27,1;28,7;27,1;76,0;77,0;68,0;22,6;23,2;22,2;1011,6;1011,8;1011,6;4,5;67,0;10,4;2102,17;0,0;
15/10/2019;1900;25,6;27,1;25,6;82,0;82,0;76,0;22,2;22,6;22,0;1011,9;1012,0;1011,6;4,8;48,0;8,9;384,45;0,0;
15/10/2019;2000;25,0;25,6;25,0;84,0;84,0;81,0;22,2;22,4;22,1;1011,8;1011,9;1011,6;4,5;55,0;8,8;259,35;0,0;
15/10/2019;2100;24,5;25,0;24,5;86,0;87,0;84,0;22,1;22,3;22,1;1012,6;1012,6;1011,8;2,5;58,0;8,0;50,11;0,0;
15/10/2019;2200;24,5;24,5;24,4;86,0;87,0;86,0;22,0;22,2;22,0;1013,5;1013,5;1012,6;2,6;66,0;5,1;;0,0;
15/10/2019;2300;24,4;24,5;24,4;89,0;89,0;86,0;22,4;22,4;22,0;1014,0;1014,0;1013,5;2,7;63,0;5,1;;0,0;
16/10/2019;0000;24,0;24,4;24,0;92,0;92,0;89,0;22,6;22,7;22,4;1014,5;1014,5;1014,0;2,7;38,0;4,9;;0,0;
16/10/2019;0100;24,0;24,0;23,9;92,0;92,0;91,0;22,7;22,7;22,4;1014,7;1014,7;1014,5;2,1;35,0;4,8;;0,0;
16/10/2019;0200;23,7;24,0;23,7;90,0;93,0;90,0;21,9;22,7;21,9;1014,3;1014,7;1014,3;2,5;23,0;4,1;;0,0;
16/10/2019;0300;23,1;23,7;23,1;91,0;91,0;89,0;21,6;21,9;21,4;1013,7;1014,3;1013,7;2,2;40,0;4,8;;0,0;
16/10/2019;0400;23,0;23,2;22,9;91,0;92,0;91,0;21,5;21,6;21,4;1013,3;1013,7;1013,3;0,9;31,0;3,3;;0,0;
16/10/2019;0500;22,5;23,0;22,5;93,0;94,0;91,0;21,2;21,7;21,2;1012,8;1013,3;1012,8;1,0;57,0;2,3;;0,0;
16/10/2019;0600;22,2;22,5;22,0;96,0;96,0;93,0;21,5;21,5;21,1;1012,7;1012,8;1012,6;1,3;57,0;2,3;;0,0;
16/10/2019;0700;22,8;22,8;21,9;94,0;96,0;94,0;21,8;21,9;21,1;1012,8;1012,9;1012,7;1,8;25,0;4,1;;0,2;
16/10/2019;0800;22,3;22,8;22,3;96,0;96,0;94,0;21,6;21,8;21,6;1013,3;1013,3;1012,7;1,9;318,0;2,9;;0,0;
16/10/2019;0900;21,7;22,3;21,7;96,0;96,0;96,0;21,0;21,6;21,0;1013,9;1013,9;1013,3;1,1;314,0;2,4;68,33;0,0;
16/10/2019;1000;23,7;23,7;21,7;87,0;96,0;86,0;21,3;21,9;21,0;1014,7;1014,7;1013,9;2,1;16,0;4,1;523,40;0,0;
16/10/2019;1100;25,0;25,0;23,7;80,0;87,0;80,0;21,2;21,5;21,0;1015,3;1015,3;1014,7;3,4;24,0;5,9;1027,51;0,0;
16/10/2019;1200;26,3;26,3;25,0;76,0;81,0;71,0;21,8;21,8;20,4;1015,3;1015,5;1015,3;3,6;4,0;6,5;1421,50;0,0;
16/10/2019;1300;27,6;28,1;26,0;68,0;77,0;66,0;21,2;22,1;20,6;1015,3;1015,5;1015,3;5,2;60,0;10,1;1798,17;0,0;
16/10/2019;1400;27,8;27,8;26,5;68,0;72,0;66,0;21,3;21,5;20,5;1014,9;1015,3;1014,9;6,8;62,0;10,8;2394,13;0,0;
16/10/2019;1500;28,3;28,5;27,6;61,0;67,0;59,0;20,0;21,2;19,5;1014,2;1014,9;1014,2;7,0;55,0;11,7;3702,76;0,0;
16/10/2019;1600;28,5;28,9;27,9;58,0;63,0;55,0;19,4;20,6;18,6;1013,3;1014,2;1013,3;6,8;56,0;12,2;3554,12;0,0;
16/10/2019;1700;28,1;28,6;27,8;62,0;63,0;55,0;20,2;20,3;18,8;1012,7;1013,3;1012,6;6,6;59,0;12,1;3141,40;0,0;
16/10/2019;1800;27,6;28,1;27,5;63,0;64,0;59,0;19,8;20,3;19,0;1012,3;1012,7;1012,3;6,0;61,0;11,7;2512,70;0,0;
16/10/2019;1900;26,5;27,6;26,3;70,0;70,0;61,0;20,5;20,5;19,5;1012,0;1012,3;1011,9;6,0;50,0;11,2;1705,61;0,0;
16/10/2019;2000;25,1;26,5;25,1;72,0;73,0;69,0;19,7;20,6;19,7;1012,1;1012,2;1011,9;5,7;48,0;10,7;811,14;0,0;
16/10/2019;2100;24,0;25,1;24,0;75,0;75,0;72,0;19,3;19,7;19,3;1012,9;1012,9;1012,1;3,1;38,0;9,0;69,12;0,0;
16/10/2019;2200;23,4;24,1;23,4;75,0;76,0;73,0;18,7;19,2;18,7;1013,4;1013,4;1012,9;3,1;18,0;5,8;;0,0;
16/10/2019;2300;22,4;23,4;22,4;80,0;80,0;75,0;18,7;19,0;18,7;1014,2;1014,2;1013,4;2,8;358,0;5,3;;0,0;
17/10/2019;0000;21,7;22,4;21,7;82,0;83,0;80,0;18,5;18,8;18,4;1014,9;1014,9;1014,2;2,3;1,0;4,1;;0,0;
17/10/2019;0100;21,3;21,8;21,3;84,0;84,0;81,0;18,5;18,5;18,4;1015,2;1015,2;1014,9;2,5;356,0;4,3;;0,0;
17/10/2019;0200;20,9;21,3;20,8;85,0;86,0;84,0;18,3;18,5;18,3;1015,2;1015,4;1015,2;1,8;3,0;3,4;;0,0;
17/10/2019;0300;20,6;20,9;20,5;86,0;87,0;85,0;18,2;18,4;18,1;1015,0;1015,2;1015,0;2,2;359,0;3,6;;0,0;
17/10/2019;0400;19,2;20,6;19,2;92,0;92,0;86,0;17,9;18,2;17,8;1014,5;1015,0;1014,5;1,9;328,0;3,3;;0,0;
17/10/2019;0500;18,7;19,2;18,7;94,0;94,0;92,0;17,7;17,9;17,6;1014,1;1014,5;1014,1;1,6;303,0;2,5;;0,0;
17/10/2019;0600;18,6;18,8;18,6;94,0;94,0;94,0;17,5;17,8;17,5;1013,9;1014,1;1013,8;1,5;299,0;2,3;;0,0;
17/10/2019;0700;18,3;18,6;18,1;94,0;94,0;93,0;17,2;17,6;17,1;1014,2;1014,2;1013,9;1,8;293,0;2,8;;0,0;
17/10/2019;0800;18,0;18,3;18,0;93,0;94,0;93,0;17,0;17,3;16,9;1014,3;1014,3;1014,2;2,2;305,0;3,0;;0,0;
17/10/2019;0900;19,1;19,1;17,9;91,0;94,0;91,0;17,6;17,6;16,9;1014,6;1014,6;1014,3;1,8;307,0;3,0;69,12;0,0;
17/10/2019;1000;22,0;22,0;19,1;79,0;91,0;78,0;18,2;18,3;17,5;1015,1;1015,1;1014,6;2,4;315,0;3,8;515,44;0,0;
17/10/2019;1100;25,0;25,0;22,0;66,0;80,0;66,0;18,3;19,0;17,9;1015,9;1015,9;1015,1;5,0;6,0;7,9;1719,65;0,0;
17/10/2019;1200;26,8;26,8;24,9;61,0;67,0;60,0;18,5;19,0;18,1;1015,7;1016,1;1015,7;4,3;5,0;7,8;2170,51;0,0;
17/10/2019;1300;26,6;27,3;25,9;64,0;64,0;57,0;19,2;19,2;17,9;1015,5;1015,7;1015,4;3,8;44,0;8,6;1815,81;0,0;
17/10/2019;1400;28,9;29,2;26,3;54,0;65,0;54,0;18,6;19,5;18,6;1015,2;1015,5;1015,2;5,6;58,0;9,7;2919,55;0,0;
17/10/2019;1500;28,5;29,2;28,4;56,0;56,0;52,0;19,0;19,2;17,9;1014,3;1015,2;1014,3;7,0;66,0;11,7;3719,87;0,0;
17/10/2019;1600;28,6;29,0;28,2;58,0;58,0;54,0;19,4;19,6;18,2;1013,4;1014,3;1013,4;6,4;60,0;12,1;3562,45;0,0;
17/10/2019;1700;28,1;28,9;27,9;61,0;63,0;56,0;19,9;20,3;19,0;1012,7;1013,4;1012,7;6,6;65,0;12,3;3154,15;0,0;
17/10/2019;1800;27,1;28,3;26,9;65,0;65,0;59,0;19,8;20,2;19,3;1012,3;1012,7;1012,3;7,4;61,0;12,5;2517,44;0,0;
17/10/2019;1900;26,5;27,3;26,4;68,0;69,0;64,0;20,2;20,2;19,6;1012,4;1012,4;1012,2;6,3;59,0;13,3;1703,03;0,0;
17/10/2019;2000;25,3;26,5;25,3;72,0;73,0;68,0;20,0;20,2;19,7;1012,7;1012,8;1012,3;5,3;63,0;12,3;828,07;0,0;
17/10/2019;2100;24,1;25,3;24,1;78,0;78,0;72,0;19,9;20,1;19,9;1013,1;1013,1;1012,7;3,5;54,0;10,0;105,44;0,0;
17/10/2019;2200;23,8;24,1;23,8;80,0;80,0;77,0;20,2;20,2;19,8;1013,4;1013,5;1013,0;3,5;37,0;6,1;;0,0;
17/10/2019;2300;23,2;23,8;23,2;79,0;83,0;79,0;19,4;20,3;19,4;1013,9;1013,9;1013,4;2,9;27,0;5,5;;0,0;
18/10/2019;0000;22,9;23,2;22,9;82,0;82,0;79,0;19,6;19,6;19,4;1014,4;1014,4;1013,9;2,6;20,0;5,2;;0,0;
18/10/2019;0100;22,2;22,9;22,2;86,0;86,0;82,0;19,7;19,8;19,6;1014,7;1014,7;1014,4;2,7;6,0;4,3;;0,0;
18/10/2019;0200;21,9;22,3;21,7;88,0;89,0;86,0;19,7;19,8;19,6;1014,1;1014,7;1014,1;2,4;354,0;4,3;;0,0;
18/10/2019;0300;22,6;22,6;21,9;85,0;88,0;84,0;19,9;20,0;19,8;1013,4;1014,1;1013,4;2,6;355,0;4,0;;0,0;
18/10/2019;0400;21,7;22,7;21,7;87,0;87,0;83,0;19,4;19,8;19,4;1012,6;1013,4;1012,6;3,3;4,0;5,4;;0,0;
18/10/2019;0500;21,2;21,7;21,1;88,0;89,0;87,0;19,2;19,5;19,1;1012,1;1012,6;1012,1;2,5;359,0;5,4;;0,0;
18/10/2019;0600;21,4;21,4;21,1;86,0;88,0;86,0;19,0;19,2;19,0;1012,0;1012,2;1011,9;3,7;5,0;5,0;;0,0;
18/10/2019;0700;21,1;21,4;21,1;87,0;87,0;86,0;18,8;19,1;18,8;1012,2;1012,2;1012,0;4,0;7,0;6,2;;0,0;
18/10/2019;0800;20,9;21,2;20,9;85,0;87,0;85,0;18,3;18,9;18,3;1012,6;1012,6;1012,2;4,0;8,0;6,3;;0,0;
18/10/2019;0900;20,5;20,8;20,0;87,0;90,0;85,0;18,3;18,3;18,1;1013,2;1013,2;1012,6;2,6;350,0;5,2;67,42;0,0;
18/10/2019;1000;23,5;23,5;20,5;70,0;87,0;70,0;17,8;19,1;17,8;1013,4;1013,4;1013,2;3,8;357,0;5,2;416,05;0,0;
18/10/2019;1100;25,6;25,6;23,5;61,0;71,0;61,0;17,5;18,1;17,4;1013,7;1013,8;1013,4;5,7;10,0;8,7;1851,76;0,0;
18/10/2019;1200;27,5;27,5;25,5;57,0;62,0;56,0;18,4;18,7;17,4;1013,3;1013,7;1013,3;7,0;1,0;12,0;2653,73;0,0;
18/10/2019;1300;29,1;29,5;27,5;50,0;58,0;49,0;17,5;18,5;17,2;1013,0;1013,3;1012,9;5,3;6,0;12,0;3275,86;0,0;
18/10/2019;1400;30,0;30,6;29,0;54,0;57,0;47,0;19,7;20,2;17,3;1012,2;1013,0;1012,2;6,1;61,0;10,3;3636,60;0,0;
18/10/2019;1500;29,4;30,4;29,4;58,0;58,0;53,0;20,2;20,4;19,6;1011,6;1012,3;1011,6;7,4;62,0;11,0;3725,66;0,0;
18/10/2019;1600;28,8;29,6;28,7;59,0;61,0;57,0;20,1;20,8;19,9;1010,6;1011,6;1010,6;7,9;59,0;12,5;3557,94;0,0;
18/10/2019;1700;28,6;29,2;28,5;62,0;62,0;59,0;20,6;20,7;19,9;1009,6;1010,6;1009,6;7,6;57,0;15,9;3133,97;0,0;
18/10/2019;1800;28,6;28,8;28,2;62,0;64,0;61,0;20,5;21,0;20,3;1009,0;1009,6;1009,0;5,8;57,0;13,6;2494,60;0,0;
18/10/2019;1900;28,0;28,7;27,8;65,0;66,0;61,0;20,9;20,9;20,3;1008,7;1009,0;1008,7;5,2;50,0;11,5;1691,31;0,0;
18/10/2019;2000;26,4;28,0;26,4;70,0;70,0;65,0;20,5;20,7;20,4;1008,2;1008,7;1008,1;4,5;46,0;11,2;812,53;0,0;
18/10/2019;2100;25,0;26,4;25,0;77,0;77,0;70,0;20,6;20,6;20,5;1008,2;1008,3;1008,0;3,6;43,0;8,7;114,71;0,0;
18/10/2019;2200;24,4;25,0;24,4;80,0;80,0;77,0;20,7;20,7;20,5;1008,3;1008,4;1008,2;3,6;40,0;7,7;;0,0;
18/10/2019;2300;24,1;24,4;24,1;81,0;81,0;80,0;20,7;20,7;20,6;1008,7;1008,7;1008,2;3,6;28,0;7,7;;0,0;
19/10/2019;0000;23,6;24,1;23,6;83,0;83,0;81,0;20,5;20,7;20,4;1009,3;1009,3;1008,7;2,7;36,0;5,7;;0,0;
19/10/2019;0100;23,6;23,7;23,5;83,0;83,0;82,0;20,5;20,5;20,4;1009,4;1009,5;1009,2;3,4;23,0;5,6;;0,0;
19/10/2019;0200;22,9;23,6;22,9;86,0;87,0;82,0;20,5;20,6;20,5;1009,2;1009,5;1009,2;3,4;6,0;5,1;;0,0;
19/10/2019;0300;22,9;23,1;22,8;86,0;87,0;85,0;20,4;20,5;20,4;1008,8;1009,2;1008,8;3,7;9,0;6,4;;0,0;
19/10/2019;0400;22,9;23,0;22,8;86,0;86,0;85,0;20,4;20,5;20,4;1008,1;1008,8;1008,1;4,3;359,0;7,0;;0,0;
19/10/2019;0500;22,7;22,9;22,7;86,0;87,0;86,0;20,3;20,4;20,3;1007,7;1008,2;1007,7;4,0;2,0;6,6;;0,0;
19/10/2019;0600;22,4;22,7;22,2;87,0;89,0;86,0;20,2;20,3;20,2;1007,2;1007,7;1007,1;4,4;10,0;6,4;;0,0;
19/10/2019;0700;21,0;22,4;21,0;93,0;93,0;87,0;19,8;20,2;19,7;1007,3;1007,3;1007,1;1,0;321,0;6,2;;0,0;
19/10/2019;0800;20,4;21,0;20,4;95,0;95,0;93,0;19,7;19,9;19,7;1008,0;1008,0;1007,3;0,5;216,0;1,4;;0,0;
19/10/2019;0900;20,7;20,7;20,1;96,0;96,0;95,0;19,9;19,9;19,4;1008,7;1008,7;1008,0;0,4;6,0;1,5;93,96;0,0;
19/10/2019;1000;22,9;22,9;20,7;84,0;96,0;84,0;20,1;20,7;19,9;1009,4;1009,4;1008,7;1,5;188,0;2,6;409,23;0,0;
19/10/2019;1100;26,5;26,5;22,9;72,0;84,0;72,0;21,0;21,4;20,1;1009,7;1009,7;1009,4;1,2;134,0;4,0;1706,95;0,0;
19/10/2019;1200;27,9;28,1;26,4;69,0;73,0;67,0;21,6;21,8;20,4;1010,0;1010,0;1009,7;2,4;144,0;5,5;2477,13;0,0;
19/10/2019;1300;28,4;28,9;27,9;69,0;71,0;67,0;22,2;22,6;21,6;1009,5;1010,0;1009,5;2,1;152,0;5,7;3108,59;0,0;
19/10/2019;1400;30,6;30,6;28,4;62,0;70,0;62,0;22,5;23,0;22,0;1008,8;1009,5;1008,8;2,9;143,0;7,3;3504,66;0,0;
19/10/2019;1500;30,7;31,2;30,3;62,0;63,0;58,0;22,6;22,9;21,6;1008,2;1008,8;1008,2;3,8;149,0;9,5;3629,33;0,0;
19/10/2019;1600;29,6;31,2;29,6;59,0;64,0;53,0;20,6;22,9;20,1;1007,6;1008,2;1007,6;6,6;183,0;10,4;3418,89;0,0;
19/10/2019;1700;29,7;30,9;29,4;58,0;60,0;53,0;20,5;20,9;20,1;1007,3;1007,6;1007,3;5,4;183,0;10,4;3040,96;0,0;
19/10/2019;1800;28,9;30,0;28,9;64,0;65,0;56,0;21,6;21,8;20,2;1007,3;1007,4;1007,2;3,8;154,0;9,8;2395,17;0,0;
19/10/2019;1900;27,0;29,3;27,0;74,0;74,0;65,0;22,0;22,2;21,7;1007,4;1007,4;1007,2;3,0;153,0;8,0;1541,84;0,0;
19/10/2019;2000;25,3;27,0;25,3;82,0;82,0;74,0;21,9;22,4;21,4;1008,0;1008,0;1007,4;4,1;175,0;7,8;465,68;0,0;
19/10/2019;2100;24,4;25,3;24,4;85,0;85,0;81,0;21,6;22,1;21,6;1008,4;1008,4;1007,9;2,5;162,0;8,3;75,81;0,0;
19/10/2019;2200;23,7;24,4;23,7;84,0;86,0;84,0;20,9;21,6;20,9;1008,7;1008,8;1008,4;1,9;206,0;4,7;;0,0;
19/10/2019;2300;24,1;24,1;23,6;79,0;84,0;79,0;20,3;20,8;20,1;1009,9;1009,9;1008,7;3,9;198,0;7,0;;0,0;
20/10/2019;0000;24,0;24,3;24,0;81,0;81,0;79,0;20,6;20,6;20,3;1010,4;1010,4;1009,8;3,8;185,0;7,7;;0,0;
20/10/2019;0100;23,9;24,0;23,9;84,0;84,0;81,0;21,0;21,0;20,6;1010,3;1010,4;1010,3;3,9;186,0;9,3;;0,0;
20/10/2019;0200;23,7;23,9;23,6;81,0;85,0;81,0;20,3;21,0;20,3;1009,7;1010,4;1009,7;3,2;203,0;7,9;;0,0;
20/10/2019;0300;24,1;24,2;23,7;79,0;81,0;74,0;20,1;20,3;19,3;1009,5;1009,7;1009,5;4,2;196,0;9,2;;0,0;
20/10/2019;0400;23,7;24,1;23,7;82,0;83,0;79,0;20,6;20,8;20,1;1009,0;1009,5;1009,0;5,3;193,0;9,8;;0,0;
20/10/2019;0500;22,9;23,7;22,8;89,0;89,0;82,0;21,0;21,0;20,3;1008,8;1009,2;1008,6;3,8;228,0;11,6;;0,0;
20/10/2019;0600;22,7;22,9;22,4;83,0;89,0;82,0;19,6;21,0;19,5;1008,5;1008,8;1008,5;2,5;211,0;7,0;;0,0;
20/10/2019;0700;22,7;22,8;22,3;81,0;87,0;81,0;19,2;20,0;19,2;1007,7;1008,5;1007,7;2,8;204,0;5,9;;0,0;
20/10/2019;0800;22,8;23,1;22,7;79,0;81,0;77,0;19,0;19,2;18,8;1008,2;1008,2;1007,7;2,3;217,0;6,5;;0,0;
20/10/2019;0900;23,3;23,3;22,5;79,0;82,0;79,0;19,4;19,7;19,0;1008,7;1008,7;1008,2;2,8;212,0;5,4;91,64;0,0;
20/10/2019;1000;24,2;24,3;23,3;76,0;79,0;75,0;19,6;19,8;19,2;1009,3;1009,3;1008,7;3,5;194,0;6,5;547,98;0,0;
20/10/2019;1100;24,5;24,6;24,1;75,0;77,0;74,0;19,8;19,9;19,6;1009,6;1009,6;1009,3;2,8;199,0;5,9;635,00;0,0;
20/10/2019;1200;24,5;25,0;24,5;77,0;77,0;72,0;20,1;20,1;19,5;1009,9;1009,9;1009,6;3,5;191,0;6,9;668,72;0,0;
20/10/2019;1300;25,4;25,6;24,3;72,0;78,0;71,0;20,1;20,3;19,8;1009,7;1009,9;1009,7;4,2;188,0;7,7;1081,09;0,0;
20/10/2019;1400;23,7;25,6;23,7;84,0;84,0;71,0;20,8;20,9;19,9;1009,7;1009,9;1009,6;5,4;189,0;9,8;860,35;0,0;
20/10/2019;1500;22,9;23,8;22,7;89,0;89,0;81,0;21,0;21,3;20,0;1009,5;1009,8;1009,5;4,5;204,0;9,8;714,46;0,0;
20/10/2019;1600;23,6;23,7;22,3;75,0;89,0;74,0;19,0;21,1;18,8;1008,9;1009,5;1008,9;4,7;189,0;11,0;758,82;0,0;
20/10/2019;1700;23,6;23,8;23,3;71,0;83,0;71,0;18,1;20,4;18,0;1008,5;1008,9;1008,5;6,0;183,0;10,3;625,61;0,0;
20/10/2019;1800;23,1;23,8;23,1;76,0;77,0;71,0;18,6;18,9;18,1;1008,4;1008,6;1008,3;4,8;178,0;10,5;481,09;0,0;
20/10/2019;1900;23,0;23,2;22,9;76,0;78,0;75,0;18,5;19,0;18,5;1008,6;1008,6;1008,3;5,2;177,0;9,4;330,83;0,0;
20/10/2019;2000;22,5;23,0;22,5;77,0;78,0;76,0;18,2;18,7;18,2;1009,0;1009,0;1008,6;4,8;178,0;11,0;95,87;0,0;
20/10/2019;2100;21,9;22,5;21,9;80,0;80,0;76,0;18,2;18,3;17,8;1009,5;1009,5;1009,0;4,2;185,0;9,3;21,97;0,0;
20/10/2019;2200;20,9;21,9;20,9;85,0;86,0;80,0;18,3;18,7;18,1;1010,0;1010,0;1009,4;3,7;208,0;7,4;;0,0;
20/10/2019;2300;20,7;20,9;20,7;85,0;85,0;83,0;18,1;18,4;17,9;1010,4;1010,5;1010,0;4,8;202,0;8,1;;0,0;
21/10/2019;0000;20,5;20,7;20,4;85,0;88,0;85,0;17,8;18,4;17,8;1010,8;1010,8;1010,4;2,8;216,0;8,6;;0,0;
21/10/2019;0100;20,6;20,7;20,4;82,0;85,0;80,0;17,4;17,8;17,1;1010,7;1011,0;1010,7;1,9;256,0;4,9;;0,0;
21/10/2019;0200;20,5;20,7;20,4;82,0;84,0;80,0;17,3;17,6;17,1;1010,1;1010,7;1010,1;2,5;257,0;4,3;;0,0;
21/10/2019;0300;20,4;20,6;20,4;84,0;84,0;81,0;17,6;17,6;17,2;1009,7;1010,1;1009,7;1,0;241,0;4,1;;0,0;
21/10/2019;0400;20,2;20,4;20,2;85,0;85,0;84,0;17,6;17,8;17,4;1009,3;1009,7;1009,3;2,4;277,0;3,2;;0,0;
21/10/2019;0500;20,2;20,2;20,1;84,0;85,0;83,0;17,4;17,7;17,2;1008,6;1009,3;1008,5;1,2;261,0;3,7;;0,0;
21/10/2019;0600;20,3;20,4;20,2;84,0;85,0;82,0;17,4;17,5;17,3;1008,6;1008,6;1008,4;2,4;176,0;4,1;;0,0;
21/10/2019;0700;20,0;20,3;19,9;86,0;86,0;84,0;17,6;17,6;17,3;1008,3;1008,7;1008,2;1,2;289,0;4,1;;0,0;
21/10/2019;0800;20,0;20,0;20,0;85,0;87,0;85,0;17,4;17,7;17,4;1008,7;1008,7;1008,3;1,6;278,0;2,3;;0,0;
21/10/2019;0900;20,2;20,2;20,0;84,0;86,0;84,0;17,4;17,6;17,2;1009,0;1009,1;1008,7;2,0;275,0;3,4;33,21;0,0;
21/10/2019;1000;21,4;21,4;20,2;77,0;84,0;77,0;17,3;17,6;17,2;1009,5;1009,5;1009,0;0,8;246,0;3,2;291,78;0,0;
21/10/2019;1100;21,3;21,7;21,2;84,0;84,0;75,0;18,5;18,5;16,9;1010,4;1010,4;1009,5;2,3;167,0;5,0;322,67;0,0;
21/10/2019;1200;22,0;22,0;21,2;78,0;84,0;78,0;18,1;18,6;17,9;1010,3;1010,4;1010,1;1,7;165,0;4,8;554,78;0,0;
21/10/2019;1300;23,1;23,2;21,9;68,0;78,0;68,0;17,0;18,1;16,8;1009,9;1010,3;1009,9;2,2;185,0;4,1;878,27;0,0;
21/10/2019;1400;23,6;24,2;23,0;65,0;69,0;62,0;16,6;17,0;15,7;1009,6;1009,9;1009,5;1,8;192,0;4,7;1382,30;0,0;
21/10/2019;1500;23,6;24,0;23,3;64,0;66,0;62,0;16,5;16,8;16,2;1008,9;1009,6;1008,9;1,0;84,0;3,8;558,38;0,0;
21/10/2019;1600;24,1;24,9;23,6;66,0;70,0;64,0;17,4;18,5;16,6;1007,9;1008,9;1007,9;2,1;157,0;4,5;1082,16;0,0;
21/10/2019;1700;23,2;24,1;23,2;70,0;71,0;66,0;17,5;18,0;17,2;1007,4;1007,9;1007,3;2,1;154,0;4,4;516,20;0,0;
21/10/2019;1800;22,8;23,2;22,7;68,0;72,0;67,0;16,7;17,7;16,3;1007,2;1007,5;1007,2;1,5;146,0;4,4;313,95;0,0;
21/10/2019;1900;22,3;22,9;22,3;74,0;74,0;68,0;17,4;17,5;16,6;1007,3;1007,4;1007,1;2,6;164,0;5,0;232,61;0,0;
21/10/2019;2000;21,4;22,3;21,4;77,0;77,0;73,0;17,2;17,5;16,9;1007,6;1007,6;1007,3;2,0;190,0;5,0;63,63;0,0;
21/10/2019;2100;20,8;21,4;20,8;81,0;81,0;77,0;17,5;17,5;17,2;1007,6;1007,7;1007,4;1,8;235,0;3,3;8,88;0,0;
21/10/2019;2200;20,0;20,8;20,0;88,0;88,0;81,0;18,0;18,0;17,5;1007,7;1007,8;1007,5;2,2;276,0;3,6;;0,0;
21/10/2019;2300;19,8;20,0;19,8;89,0;89,0;88,0;17,9;18,0;17,9;1008,1;1008,1;1007,7;2,2;270,0;3,6;;0,0;
22/10/2019;0000;19,9;19,9;19,8;88,0;89,0;88,0;17,9;17,9;17,8;1009,2;1009,2;1008,0;2,5;270,0;3,7;;0,0;
22/10/2019;0100;20,0;20,0;19,9;88,0;88,0;88,0;18,0;18,0;17,9;1008,9;1009,3;1008,9;1,2;303,0;3,7;;0,0;
22/10/2019;0200;19,9;20,0;19,9;91,0;91,0;88,0;18,4;18,4;18,0;1008,5;1008,9;1008,5;1,8;293,0;2,9;;0,0;
22/10/2019;0300;20,0;20,0;19,9;92,0;92,0;91,0;18,6;18,6;18,4;1007,7;1008,5;1007,7;1,1;334,0;2,5;;0,0;
22/10/2019;0400;19,9;20,0;19,9;92,0;92,0;91,0;18,5;18,6;18,5;1006,8;1007,7;1006,8;1,5;331,0;2,3;;0,0;
22/10/2019;0500;20,0;20,0;19,9;93,0;93,0;91,0;18,8;18,8;18,5;1006,2;1006,9;1006,2;1,5;356,0;2,6;;0,0;
22/10/2019;0600;20,0;20,0;19,9;93,0;94,0;93,0;18,8;19,0;18,7;1005,5;1006,2;1005,5;1,8;39,0;2,7;;0,0;
22/10/2019;0700;20,6;20,6;20,0;88,0;93,0;87,0;18,5;18,7;18,4;1005,4;1005,5;1005,4;3,3;4,0;5,3;;0,0;
22/10/2019;0800;20,9;20,9;20,6;88,0;89,0;87,0;18,8;18,8;18,5;1005,9;1005,9;1005,4;4,2;16,0;7,4;;0,0;
22/10/2019;0900;21,0;21,0;20,8;90,0;90,0;87,0;19,2;19,3;18,8;1006,1;1006,2;1005,8;4,4;12,0;6,7;44,70;0,0;
22/10/2019;1000;21,9;21,9;21,0;88,0;90,0;88,0;19,9;19,9;19,2;1007,0;1007,0;1006,1;2,6;15,0;6,3;325,93;0,0;
22/10/2019;1100;23,2;23,2;21,9;82,0;88,0;82,0;19,9;20,1;19,7;1007,5;1007,5;1007,0;2,8;3,0;5,0;697,28;0,0;
22/10/2019;1200;25,9;25,9;23,2;72,0;82,0;72,0;20,3;20,9;19,8;1007,2;1007,5;1007,1;2,4;50,0;5,0;1544,20;0,0;
22/10/2019;1300;27,7;27,7;25,8;69,0;75,0;66,0;21,6;21,7;20,2;1006,8;1007,3;1006,7;1,5;74,0;5,5;2464,63;0,0;
22/10/2019;1400;27,7;27,8;26,8;70,0;73,0;68,0;21,7;22,0;21,2;1006,8;1006,9;1006,5;1,7;117,0;5,9;1720,83;0,0;
22/10/2019;1500;25,8;27,7;25,7;75,0;76,0;70,0;20,9;21,9;20,8;1006,5;1006,7;1006,5;2,5;154,0;6,0;1555,72;0,0;
22/10/2019;1600;25,0;25,8;24,7;75,0;78,0;74,0;20,3;21,0;20,1;1005,9;1006,6;1005,9;3,3;172,0;7,1;608,18;0,0;
22/10/2019;1700;25,1;25,2;24,8;78,0;78,0;75,0;21,0;21,0;20,2;1005,7;1005,9;1005,6;3,1;178,0;7,2;535,03;0,0;
22/10/2019;1800;24,2;25,1;24,2;79,0;80,0;75,0;20,4;20,8;20,2;1005,8;1005,8;1005,7;4,6;185,0;8,7;395,59;0,0;
22/10/2019;1900;23,6;24,2;23,6;84,0;84,0;79,0;20,7;20,7;20,3;1006,4;1006,4;1005,8;4,3;190,0;8,4;315,65;0,0;
22/10/2019;2000;23,4;23,7;23,4;87,0;87,0;84,0;21,1;21,2;20,8;1007,0;1007,0;1006,3;3,8;191,0;8,0;84,93;0,0;
22/10/2019;2100;23,2;23,4;23,2;89,0;89,0;86,0;21,3;21,3;21,0;1007,6;1007,6;1007,0;2,4;170,0;6,5;31,67;0,0;
22/10/2019;2200;23,1;23,2;23,1;87,0;89,0;87,0;20,8;21,3;20,8;1007,8;1007,9;1007,6;3,2;189,0;5,6;;0,0;
22/10/2019;2300;23,1;23,1;23,0;89,0;89,0;87,0;21,1;21,1;20,8;1008,6;1008,6;1007,7;2,8;203,0;5,3;;0,0;
23/10/2019;0000;22,9;23,1;22,9;89,0;89,0;89,0;21,1;21,1;21,1;1009,4;1009,4;1008,6;2,7;189,0;5,9;;0,0;
23/10/2019;0100;22,4;22,9;22,3;95,0;95,0;89,0;21,6;21,6;21,1;1009,6;1009,7;1009,4;3,1;188,0;5,5;;0,0;
23/10/2019;0200;22,1;22,4;22,1;97,0;97,0;95,0;21,6;21,6;21,5;1009,3;1009,6;1009,3;3,3;204,0;5,9;;0,6;
23/10/2019;0300;21,8;22,2;21,8;97,0;97,0;97,0;21,3;21,6;21,2;1009,0;1009,3;1008,9;3,4;198,0;6,7;;0,4;
23/10/2019;0400;21,6;21,8;21,6;97,0;97,0;97,0;21,1;21,3;21,1;1008,4;1009,0;1008,4;3,7;206,0;7,0;;0,0;
23/10/2019;0500;21,4;21,6;21,4;96,0;97,0;96,0;20,7;21,1;20,7;1007,7;1008,4;1007,7;3,7;203,0;6,3;;0,0;
23/10/2019;0600;21,9;21,9;21,4;94,0;96,0;94,0;20,8;20,8;20,5;1008,0;1008,0;1007,6;3,8;196,0;7,1;0,12;0,2;
23/10/2019;0700;21,9;21,9;21,8;94,0;94,0;93,0;20,8;20,8;20,7;1008,3;1008,3;1008,0;2,9;197,0;7,1;;0,0;
23/10/2019;0800;21,9;22,0;21,9;93,0;94,0;92,0;20,7;20,8;20,7;1009,2;1009,2;1008,3;2,4;207,0;5,5;;0,0;
23/10/2019;0900;21,9;21,9;21,8;93,0;94,0;93,0;20,6;20,8;20,6;1010,2;1010,2;1009,2;3,2;211,0;6,4;37,00;0,0;
23/10/2019;1000;21,8;22,0;21,7;96,0;96,0;92,0;21,0;21,0;20,5;1011,4;1011,4;1010,2;2,9;198,0;6,0;114,36;0,2;
23/10/2019;1100;21,9;22,1;21,7;95,0;96,0;95,0;21,1;21,3;21,0;1011,8;1011,8;1011,2;2,9;207,0;5,5;221,79;0,0;
23/10/2019;1200;22,3;22,3;21,8;92,0;95,0;92,0;21,0;21,1;20,7;1012,0;1012,1;1011,8;2,4;202,0;6,6;428,07;0,0;
23/10/2019;1300;22,5;22,5;22,2;93,0;93,0;89,0;21,2;21,2;20,4;1012,1;1012,2;1011,9;3,1;186,0;6,0;460,84;0,0;
23/10/2019;1400;22,3;22,6;22,2;96,0;96,0;92,0;21,6;21,8;21,1;1012,1;1012,2;1012,0;2,2;175,0;6,4;455,40;1,8;
23/10/2019;1500;22,0;22,5;22,0;96,0;96,0;95,0;21,3;21,7;21,2;1011,7;1012,1;1011,7;3,6;193,0;6,6;520,80;0,8;
23/10/2019;1600;23,4;23,4;22,0;89,0;96,0;87,0;21,5;22,2;20,9;1010,9;1011,7;1010,9;1,1;168,0;6,6;1020,24;0,4;
23/10/2019;1700;22,1;23,7;22,1;89,0;89,0;82,0;20,1;21,7;20,0;1011,1;1011,1;1010,8;3,7;187,0;7,3;580,42;0,0;
23/10/2019;1800;23,4;23,4;22,1;83,0;89,0;79,0;20,3;20,5;19,2;1010,9;1011,1;1010,9;1,3;219,0;6,6;719,89;0,0;
23/10/2019;1900;23,0;23,5;22,6;91,0;91,0;80,0;21,4;21,4;19,8;1011,0;1011,0;1010,8;1,9;200,0;5,6;286,43;0,0;
23/10/2019;2000;21,5;23,0;21,5;93,0;93,0;87,0;20,2;21,2;20,0;1011,6;1011,6;1011,0;2,0;218,0;6,6;172,32;0,0;
23/10/2019;2100;21,4;21,6;21,4;93,0;93,0;92,0;20,2;20,3;20,1;1012,3;1012,3;1011,6;0,8;304,0;3,5;34,78;0,0;
23/10/2019;2200;21,4;21,4;21,3;95,0;95,0;93,0;20,6;20,6;20,2;1012,8;1012,8;1012,2;1,0;325,0;2,0;;0,0;
23/10/2019;2300;21,5;21,5;21,4;96,0;96,0;95,0;20,9;20,9;20,6;1013,4;1013,4;1012,8;1,4;308,0;2,1;;0,0;
24/10/2019;0000;20,8;21,5;20,7;96,0;96,0;95,0;20,1;20,9;20,0;1013,6;1013,6;1013,4;1,6;293,0;2,6;;0,0;
24/10/2019;0100;20,9;20,9;20,8;93,0;96,0;93,0;19,7;20,1;19,7;1013,7;1013,8;1013,6;2,5;264,0;3,7;;0,0;
24/10/2019;0200;20,6;20,9;20,5;94,0;95,0;92,0;19,7;19,7;19,6;1013,1;1013,7;1013,1;0,8;312,0;3,7;;0,0;
24/10/2019;0300;20,8;20,8;20,5;92,0;95,0;92,0;19,5;19,8;19,5;1012,5;1013,1;1012,5;2,4;250,0;3,8;;0,0;
24/10/2019;0400;20,8;20,9;20,7;94,0;94,0;92,0;19,9;19,9;19,4;1011,9;1012,5;1011,8;1,7;211,0;3,8;;0,0;
24/10/2019;0500;20,6;20,8;20,6;96,0;96,0;94,0;19,9;20,0;19,8;1011,3;1012,0;1011,3;1,1;216,0;2,6;;0,0;
24/10/2019;0600;20,6;20,9;20,5;94,0;96,0;92,0;19,5;20,0;19,4;1011,3;1011,3;1011,0;1,7;231,0;4,0;;0,0;
24/10/2019;0700;20,5;20,7;20,4;94,0;94,0;93,0;19,4;19,6;19,3;1011,7;1011,8;1011,3;1,5;232,0;3,5;;0,0;
24/10/2019;0800;19,7;20,5;19,7;95,0;95,0;93,0;18,9;19,5;18,9;1012,3;1012,3;1011,7;1,8;261,0;2,6;;0,0;
24/10/2019;0900;20,5;20,5;19,7;95,0;96,0;94,0;19,6;19,6;18,8;1012,8;1012,8;1012,3;1,0;238,0;3,0;91,18;0,0;
24/10/2019;1000;21,7;21,7;20,5;88,0;95,0;88,0;19,6;19,9;19,5;1013,5;1013,5;1012,7;2,4;271,0;3,2;457,21;0,0;
24/10/2019;1100;22,7;22,8;21,7;82,0;89,0;82,0;19,5;20,0;19,3;1013,8;1013,9;1013,5;3,5;178,0;5,9;753,90;0,0;
24/10/2019;1200;23,3;23,9;22,7;77,0;83,0;76,0;19,0;20,1;18,8;1013,8;1014,0;1013,8;2,2;143,0;6,2;1039,47;0,0;
24/10/2019;1300;24,1;24,5;23,3;73,0;78,0;72,0;19,0;19,7;18,8;1013,6;1013,8;1013,5;2,5;172,0;4,8;998,60;0,0;
24/10/2019;1400;25,2;25,2;24,0;71,0;75,0;69,0;19,5;19,9;18,8;1013,0;1013,6;1013,0;1,3;138,0;4,8;1308,62;0,0;
24/10/2019;1500;25,3;25,6;24,9;66,0;73,0;64,0;18,5;19,8;18,0;1012,3;1013,0;1012,3;1,1;79,0;4,1;1313,81;0,2;
24/10/2019;1600;26,1;27,1;25,3;64,0;66,0;59,0;18,8;19,4;17,8;1011,8;1012,3;1011,7;1,8;92,0;3,8;1976,09;0,0;
24/10/2019;1700;26,1;26,2;25,7;66,0;69,0;63,0;19,3;19,8;18,4;1011,2;1011,9;1011,2;1,9;124,0;4,8;1238,61;0,0;
24/10/2019;1800;26,3;27,5;26,0;65,0;68,0;59,0;19,1;19,9;18,3;1010,9;1011,2;1010,7;1,6;129,0;4,8;1948,94;0,0;
24/10/2019;1900;25,7;26,3;25,1;68,0;72,0;65,0;19,3;20,0;19,0;1010,7;1011,0;1010,5;1,3;123,0;4,1;1003,79;0,0;
24/10/2019;2000;24,5;25,7;24,5;74,0;74,0;68,0;19,6;19,6;18,9;1011,1;1011,2;1010,5;1,2;105,0;3,9;386,17;0,0;
24/10/2019;2100;23,4;24,5;23,4;81,0;81,0;74,0;20,0;20,0;19,6;1011,7;1011,7;1011,1;0,8;75,0;3,1;78,47;0,0;
24/10/2019;2200;23,1;23,4;23,1;84,0;84,0;81,0;20,3;20,3;19,9;1011,6;1011,8;1011,4;1,1;65,0;2,2;;0,0;
24/10/2019;2300;22,1;23,1;22,1;89,0;89,0;84,0;20,2;20,4;20,1;1012,1;1012,1;1011,5;1,2;338,0;2,6;;0,0;
25/10/2019;0000;22,3;22,3;22,0;86,0;89,0;86,0;19,7;20,3;19,7;1012,4;1012,4;1012,1;1,6;18,0;2,4;;0,0;
25/10/2019;0100;22,1;22,4;22,1;90,0;90,0;84,0;20,3;20,3;19,5;1012,7;1012,9;1012,4;0,5;343,0;2,4;;0,0;
25/10/2019;0200;22,1;22,2;22,1;88,0;91,0;88,0;19,9;20,7;19,9;1012,6;1012,8;1012,4;0,4;312,0;1,6;;0,0;
25/10/2019;0300;21,7;22,3;21,6;88,0;89,0;86,0;19,6;20,3;19,6;1011,6;1012,6;1011,6;1,9;17,0;2,7;;0,0;
25/10/2019;0400;20,8;21,7;20,8;93,0;93,0;87,0;19,6;19,6;19,3;1010,8;1011,6;1010,8;2,1;348,0;3,4;;0,0;
25/10/2019;0500;20,3;20,8;20,1;94,0;94,0;93,0;19,3;19,7;19,0;1010,4;1010,8;1010,4;1,3;334,0;3,1;;0,0;
25/10/2019;0600;20,1;20,4;20,0;95,0;95,0;94,0;19,2;19,5;19,0;1009,9;1010,4;1009,7;1,6;333,0;3,3;;0,0;
25/10/2019;0700;19,8;20,1;19,7;95,0;95,0;94,0;19,1;19,3;18,8;1010,3;1010,3;1009,9;1,3;328,0;2,5;;0,0;
25/10/2019;0800;19,5;19,8;19,1;96,0;96,0;95,0;18,8;19,1;18,4;1010,7;1010,7;1010,3;1,1;308,0;2,3;;0,0;
25/10/2019;0900;20,4;20,4;19,3;95,0;96,0;94,0;19,4;19,5;18,7;1011,2;1011,2;1010,7;2,2;303,0;3,0;119,51;0,0;
25/10/2019;1000;23,3;23,3;20,4;82,0;95,0;81,0;19,9;20,2;19,3;1012,3;1012,3;1011,2;2,3;300,0;3,5;354,19;0,0;
25/10/2019;1100;25,5;25,5;23,3;73,0;82,0;69,0;20,4;20,4;18,8;1012,6;1012,6;1012,3;1,6;340,0;3,2;1284,76;0,0;
25/10/2019;1200;27,0;27,1;25,5;68,0;73,0;67,0;20,5;21,4;19,8;1012,8;1012,9;1012,6;3,0;18,0;6,3;2486,04;0,0;
25/10/2019;1300;29,2;29,3;26,9;63,0;70,0;61,0;21,5;21,5;20,2;1012,4;1012,8;1012,4;3,1;54,0;6,7;2818,69;0,0;
25/10/2019;1400;30,4;30,7;28,4;61,0;66,0;61,0;22,0;23,0;20,7;1012,1;1012,5;1012,1;2,7;90,0;7,7;3212,90;0,0;
25/10/2019;1500;30,0;30,4;29,5;66,0;67,0;61,0;22,8;22,9;21,9;1011,5;1012,1;1011,5;3,3;90,0;8,3;3644,04;0,0;
25/10/2019;1600;29,9;30,0;29,3;65,0;69,0;64,0;22,6;23,0;22,3;1010,7;1011,5;1010,7;3,5;87,0;8,8;3611,36;0,0;
25/10/2019;1700;29,0;29,9;29,0;70,0;72,0;65,0;23,1;23,4;22,5;1010,4;1010,7;1010,4;4,2;83,0;9,0;3118,25;0,0;
25/10/2019;1800;26,9;29,3;26,9;80,0;81,0;69,0;23,2;23,4;22,7;1010,0;1010,5;1010,0;2,8;89,0;8,2;1722,31;0,0;
25/10/2019;1900;25,8;26,9;25,7;85,0;85,0;80,0;23,1;23,4;22,8;1010,2;1010,3;1009,9;3,4;65,0;7,5;405,08;0,0;
25/10/2019;2000;25,6;26,4;25,6;85,0;85,0;82,0;22,9;23,2;22,8;1010,2;1010,3;1010,0;3,1;52,0;6,6;445,81;0,0;
25/10/2019;2100;25,1;25,6;25,1;88,0;88,0;85,0;23,0;23,0;22,8;1010,4;1010,4;1010,1;3,0;46,0;7,6;45,69;0,0;
25/10/2019;2200;25,1;25,1;25,1;88,0;88,0;88,0;23,0;23,1;22,9;1010,9;1010,9;1010,4;2,8;55,0;5,6;;0,0;
25/10/2019;2300;25,0;25,1;25,0;88,0;88,0;88,0;22,8;23,0;22,8;1011,7;1011,7;1010,8;3,1;47,0;5,8;;0,0;
26/10/2019;0000;25,0;25,1;25,0;89,0;89,0;87,0;23,0;23,0;22,7;1012,4;1012,4;1011,7;2,3;52,0;5,6;;0,0;
26/10/2019;0100;24,7;25,0;24,7;89,0;89,0;88,0;22,8;23,0;22,8;1012,4;1012,5;1012,2;1,8;39,0;4,1;;0,0;
26/10/2019;0200;24,7;24,7;24,6;90,0;90,0;89,0;23,1;23,1;22,8;1011,7;1012,4;1011,7;2,1;62,0;3,4;;0,0;
26/10/2019;0300;24,7;24,8;24,7;92,0;92,0;90,0;23,4;23,4;23,1;1011,6;1011,8;1011,6;1,8;54,0;3,6;;0,0;
26/10/2019;0400;24,3;24,7;24,3;94,0;94,0;92,0;23,4;23,5;23,3;1010,8;1011,6;1010,8;1,5;38,0;3,1;;0,0;
26/10/2019;0500;23,4;24,3;23,4;95,0;96,0;94,0;22,6;23,4;22,5;1009,9;1010,7;1009,9;1,1;330,0;3,0;;0,0;
26/10/2019;0600;22,9;23,4;22,9;96,0;96,0;95,0;22,3;22,8;22,2;1009,9;1010,0;1009,8;1,0;56,0;1,7;;0,0;
26/10/2019;0700;22,7;23,3;22,7;96,0;97,0;96,0;22,0;22,7;22,0;1010,2;1010,2;1009,7;0,5;345,0;3,0;;0,0;
26/10/2019;0800;22,7;22,8;22,2;97,0;97,0;96,0;22,1;22,3;21,6;1010,6;1010,6;1010,1;1,8;18,0;2,7;;0,0;
26/10/2019;0900;22,7;22,8;22,4;97,0;97,0;96,0;22,2;22,3;21,8;1011,4;1011,4;1010,6;0,5;249,0;2,7;112,44;0,0;
26/10/2019;1000;24,8;24,9;22,7;91,0;97,0;91,0;23,3;23,8;22,2;1011,8;1011,8;1011,3;2,2;325,0;4,2;472,36;0,0;
26/10/2019;1100;26,6;26,6;24,6;76,0;91,0;75,0;22,0;23,1;21,8;1012,3;1012,4;1011,8;3,9;4,0;5,8;1289,50;0,0;
26/10/2019;1200;28,9;29,0;26,6;66,0;76,0;63,0;21,9;22,4;21,1;1012,4;1012,5;1012,2;3,2;21,0;6,2;2415,75;0,0;
26/10/2019;1300;30,5;30,8;28,2;67,0;72,0;64,0;23,7;24,2;21,7;1012,1;1012,5;1012,1;3,0;80,0;6,5;2364,01;0,0;
26/10/2019;1400;30,9;31,2;30,5;64,0;67,0;62,0;23,4;23,9;22,9;1011,6;1012,1;1011,6;4,1;79,0;8,5;3288,49;0,0;
26/10/2019;1500;31,6;31,6;30,6;61,0;66,0;61,0;23,2;23,7;23,0;1010,9;1011,6;1010,9;5,1;68,0;9,4;3523,71;0,0;
26/10/2019;1600;27,6;31,7;27,6;76,0;76,0;60,0;23,0;23,3;22,8;1010,5;1010,9;1010,5;2,9;93,0;10,1;1619,97;0,0;
26/10/2019;1700;26,6;27,6;26,5;82,0;83,0;76,0;23,3;23,5;23,1;1010,5;1010,5;1010,2;2,0;96,0;6,8;359,39;0,0;
26/10/2019;1800;26,4;26,6;26,4;82,0;83,0;82,0;23,2;23,4;23,1;1010,1;1010,6;1010,1;1,3;102,0;4,6;337,08;0,0;
26/10/2019;1900;26,4;26,5;26,4;86,0;86,0;82,0;23,8;23,8;23,1;1010,3;1010,5;1010,1;2,2;79,0;5,1;362,34;0,0;
26/10/2019;2000;25,9;26,4;25,9;89,0;89,0;86,0;23,9;24,1;23,8;1010,8;1010,9;1010,3;1,1;95,0;5,8;122,07;0,0;
26/10/2019;2100;25,6;26,0;25,6;90,0;90,0;89,0;23,8;24,1;23,8;1011,3;1011,3;1010,6;1,9;76,0;6,1;25,30;0,0;
26/10/2019;2200;25,2;25,6;25,2;95,0;95,0;90,0;24,3;24,5;23,8;1012,4;1012,5;1011,3;3,0;57,0;6,4;;1,6;
26/10/2019;2300;24,7;25,2;24,6;95,0;96,0;93,0;23,8;24,4;23,4;1013,2;1013,2;1012,0;0,8;99,0;6,4;;0,2;
27/10/2019;0000;24,6;24,7;24,5;95,0;95,0;95,0;23,8;23,8;23,7;1013,4;1013,4;1013,1;0,7;32,0;3,7;;0,0;
27/10/2019;0100;24,4;24,6;24,3;97,0;97,0;95,0;23,8;23,9;23,6;1013,7;1013,7;1013,3;1,3;23,0;2,2;;0,0;
27/10/2019;0200;24,5;24,5;24,2;97,0;97,0;96,0;24,0;24,0;23,6;1012,7;1013,8;1012,7;2,5;37,0;3,6;;0,0;
27/10/2019;0300;24,3;24,5;24,3;94,0;97,0;93,0;23,3;23,9;23,3;1012,2;1012,7;1012,2;0,7;118,0;5,0;;0,0;
27/10/2019;0400;24,3;24,3;24,0;95,0;95,0;94,0;23,5;23,5;23,1;1012,4;1012,4;1012,0;0,9;114,0;3,3;;0,2;
27/10/2019;0500;24,4;24,4;24,3;95,0;96,0;95,0;23,5;23,6;23,5;1011,9;1012,5;1011,9;2,6;29,0;5,3;;0,0;
27/10/2019;0600;23,5;24,4;23,4;97,0;97,0;94,0;22,9;23,4;22,8;1011,9;1011,9;1011,6;0,8;78,0;4,5;;0,0;
27/10/2019;0700;23,2;23,6;22,9;97,0;97,0;97,0;22,8;23,0;22,4;1011,7;1012,0;1011,7;1,4;7,0;2,1;;0,0;
27/10/2019;0800;22,7;23,4;22,7;97,0;97,0;97,0;22,2;22,9;22,2;1011,9;1011,9;1011,7;1,8;345,0;3,4;;0,0;
27/10/2019;0900;23,5;23,5;22,6;96,0;97,0;96,0;22,9;22,9;22,1;1013,0;1013,0;1011,9;1,9;1,0;4,1;81,26;0,0;
27/10/2019;1000;25,3;25,3;23,5;85,0;96,0;85,0;22,6;23,3;22,6;1013,3;1013,4;1013,0;3,3;352,0;5,3;328,08;0,0;
27/10/2019;1100;27,1;27,1;25,1;74,0;86,0;73,0;22,1;22,7;21,5;1014,2;1014,2;1013,3;4,3;17,0;6,8;1646,65;0,0;
27/10/2019;1200;28,5;29,1;26,9;69,0;76,0;64,0;22,4;22,6;21,6;1014,1;1014,3;1014,0;4,5;44,0;7,6;2503,34;0,0;
27/10/2019;1300;30,1;30,1;28,5;68,0;73,0;67,0;23,4;24,1;22,4;1013,9;1014,1;1013,8;4,6;58,0;7,7;3227,38;0,0;
27/10/2019;1400;29,6;30,0;29,0;69,0;72,0;67,0;23,2;23,8;22,8;1012,9;1013,9;1012,9;5,6;52,0;10,0;3003,98;0,0;
27/10/2019;1500;30,2;30,2;28,8;60,0;70,0;52,0;21,4;23,7;19,1;1012,0;1012,9;1012,0;5,4;29,0;12,3;3491,09;0,0;
27/10/2019;1600;29,5;31,0;29,5;72,0;72,0;58,0;23,9;24,3;21,3;1011,0;1012,0;1011,0;5,7;63,0;10,5;2894,37;0,0;
27/10/2019;1700;29,6;30,2;29,2;69,0;73,0;68,0;23,3;24,0;23,3;1010,5;1011,0;1010,5;6,7;68,0;11,1;2883,79;0,0;
27/10/2019;1800;27,3;29,6;27,3;78,0;79,0;69,0;23,2;23,5;22,5;1009,8;1010,5;1009,8;5,6;55,0;11,9;1183,90;0,0;
27/10/2019;1900;26,2;27,3;26,2;82,0;82,0;78,0;22,9;23,2;22,8;1009,7;1010,2;1009,7;5,3;53,0;10,8;386,34;0,0;
27/10/2019;2000;25,7;26,2;25,7;85,0;85,0;82,0;23,1;23,2;22,7;1010,1;1010,1;1009,6;5,1;54,0;10,0;147,88;0,0;
27/10/2019;2100;25,4;25,7;25,4;87,0;87,0;85,0;23,0;23,1;22,8;1010,5;1010,6;1010,1;4,9;46,0;9,3;53,48;0,0;
27/10/2019;2200;25,4;25,4;25,3;85,0;87,0;85,0;22,7;23,0;22,7;1011,5;1011,5;1010,5;4,9;35,0;9,2;;0,0;
27/10/2019;2300;25,4;25,5;25,3;85,0;86,0;85,0;22,7;22,8;22,7;1012,3;1012,3;1011,5;4,4;33,0;7,3;;0,0;
28/10/2019;0000;25,2;25,5;25,1;82,0;85,0;82,0;21,9;22,7;21,9;1012,7;1012,7;1012,3;5,6;16,0;8,7;;0,0;
28/10/2019;0100;24,5;25,2;24,5;85,0;86,0;82,0;21,8;22,1;21,8;1012,9;1012,9;1012,7;3,4;11,0;8,0;;0,0;
28/10/2019;0200;24,0;24,5;24,0;84,0;86,0;84,0;21,2;21,8;21,2;1012,5;1013,0;1012,5;3,5;11,0;5,6;;0,0;
28/10/2019;0300;23,8;24,1;23,7;85,0;87,0;84,0;21,2;21,4;21,2;1012,0;1012,5;1012,0;3,4;23,0;5,2;;0,0;
28/10/2019;0400;23,7;23,8;23,4;85,0;88,0;85,0;21,0;21,3;21,0;1011,5;1012,1;1011,5;3,7;26,0;6,2;;0,0;
28/10/2019;0500;22,6;23,7;22,5;89,0;89,0;85,0;20,7;21,0;20,5;1011,3;1011,5;1011,3;1,1;333,0;6,2;;0,0;
28/10/2019;0600;23,0;23,3;22,6;88,0;89,0;86,0;20,9;21,0;20,2;1010,9;1011,3;1010,9;3,4;14,0;5,3;;0,0;
28/10/2019;0700;22,5;23,1;22,5;90,0;91,0;88,0;20,9;21,0;20,9;1011,0;1011,1;1010,9;3,8;1,0;6,1;;0,0;
28/10/2019;0800;22,2;22,6;22,1;90,0;91,0;89,0;20,4;20,8;20,4;1011,2;1011,3;1011,0;3,0;360,0;5,5;;0,0;
28/10/2019;0900;23,4;23,4;22,2;83,0;90,0;83,0;20,3;20,4;19,9;1011,6;1011,6;1011,1;4,3;11,0;6,1;87,91;0,0;
28/10/2019;1000;25,4;25,4;23,4;74,0;83,0;74,0;20,3;20,7;20,0;1012,0;1012,0;1011,6;5,0;7,0;8,2;276,11;0,0;
28/10/2019;1100;27,4;27,4;25,4;65,0;74,0;65,0;20,2;20,8;20,1;1012,3;1012,3;1012,0;7,2;355,0;11,4;1695,72;0,0;
28/10/2019;1200;29,2;29,4;27,3;59,0;66,0;56,0;20,4;21,0;19,6;1012,3;1012,4;1012,2;6,7;8,0;12,1;2672,11;0,0;
28/10/2019;1300;31,3;31,3;29,2;53,0;59,0;52,0;20,4;20,9;19,3;1012,0;1012,3;1011,9;7,0;8,0;12,1;3048,03;0,0;
28/10/2019;1400;30,8;32,0;30,4;52,0;54,0;47,0;19,9;20,6;19,1;1011,5;1012,0;1011,4;8,5;356,0;13,6;3620,68;0,0;
28/10/2019;1500;32,4;32,4;30,8;48,0;53,0;46,0;19,9;20,8;19,0;1010,7;1011,5;1010,7;7,0;359,0;13,6;3791,83;0,0;
28/10/2019;1600;31,9;33,0;31,5;56,0;57,0;42,0;21,9;22,8;18,3;1009,8;1010,7;1009,8;6,6;56,0;11,5;3531,02;0,0;
28/10/2019;1700;30,3;32,1;29,9;62,0;64,0;55,0;22,2;22,8;21,9;1008,7;1009,8;1008,7;7,2;56,0;13,7;3147,76;0,0;
28/10/2019;1800;29,7;30,2;29,6;63,0;64,0;61,0;22,0;22,3;21,7;1008,1;1008,7;1008,0;6,5;62,0;13,5;2526,30;0,0;
28/10/2019;1900;28,2;29,7;28,1;64,0;67,0;63,0;20,8;22,1;20,8;1008,0;1008,2;1008,0;8,0;54,0;13,0;1731,49;0,0;
28/10/2019;2000;27,1;28,2;27,1;67,0;67,0;63,0;20,4;20,8;20,2;1008,0;1008,1;1007,8;5,9;48,0;14,2;870,48;0,0;
28/10/2019;2100;25,9;27,1;25,9;74,0;74,0;67,0;20,8;20,8;20,4;1008,9;1008,9;1007,9;5,7;32,0;10,8;82,21;0,0;
28/10/2019;2200;25,5;25,9;25,5;77,0;77,0;74,0;21,3;21,3;20,6;1009,5;1009,6;1008,9;4,8;30,0;9,8;;0,0;
28/10/2019;2300;25,3;25,5;25,3;79,0;79,0;77,0;21,4;21,5;21,2;1010,2;1010,2;1009,5;5,5;23,0;10,1;;0,0;
29/10/2019;0000;24,9;25,4;24,9;82,0;82,0;79,0;21,6;21,7;21,4;1010,7;1010,8;1010,2;4,0;24,0;9,5;;0,0;
29/10/2019;0100;24,6;24,9;24,5;79,0;82,0;78,0;20,7;21,6;20,7;1011,0;1011,0;1010,7;4,5;5,0;7,5;;0,0;
29/10/2019;0200;23,9;24,7;23,9;82,0;83,0;79,0;20,7;20,9;20,7;1011,0;1011,1;1010,8;3,0;349,0;7,5;;0,0;
29/10/2019;0300;23,9;24,1;23,8;82,0;83,0;81,0;20,7;20,7;20,5;1010,5;1011,0;1010,5;4,4;7,0;7,9;;0,0;
29/10/2019;0400;23,9;24,0;23,9;82,0;82,0;82,0;20,7;20,7;20,6;1009,8;1010,5;1009,8;3,7;22,0;7,0;;0,0;
29/10/2019;0500;23,5;23,9;23,5;85,0;85,0;82,0;20,7;20,8;20,7;1009,3;1009,8;1009,3;3,8;3,0;6,5;;0,0;
29/10/2019;0600;23,5;23,6;23,4;84,0;85,0;84,0;20,6;20,8;20,6;1009,2;1009,4;1009,2;4,0;16,0;6,7;;0,0;
29/10/2019;0700;22,9;23,5;22,8;86,0;87,0;84,0;20,5;20,6;20,4;1009,2;1009,3;1009,2;3,3;1,0;5,9;;0,0;
29/10/2019;0800;22,7;23,0;22,6;87,0;87,0;85,0;20,4;20,5;20,3;1009,5;1009,5;1009,2;2,1;352,0;6,0;;0,0;
29/10/2019;0900;24,1;24,1;22,7;81,0;87,0;81,0;20,6;20,6;20,3;1010,4;1010,4;1009,5;3,5;359,0;6,6;90,68;0,0;
29/10/2019;1000;26,3;26,3;24,1;70,0;81,0;70,0;20,4;20,9;20,3;1010,6;1010,6;1010,4;5,7;1,0;9,1;245,03;0,0;
29/10/2019;1100;28,0;28,1;26,3;61,0;71,0;60,0;19,7;20,7;19,7;1010,7;1010,8;1010,6;7,6;358,0;12,5;1692,93;0,0;
29/10/2019;1200;29,9;29,9;27,8;55,0;62,0;55,0;19,9;20,4;19,6;1010,2;1010,7;1010,2;8,0;359,0;12,6;2422,72;0,0;
29/10/2019;1300;31,6;31,6;29,8;49,0;56,0;49,0;19,6;20,5;19,5;1009,5;1010,2;1009,5;7,4;14,0;13,4;3351,90;0,0;
29/10/2019;1400;32,4;32,4;31,2;48,0;51,0;47,0;20,1;20,5;19,3;1009,0;1009,6;1008,9;8,2;4,0;13,4;3807,07;0,0;
29/10/2019;1500;33,6;33,6;32,4;43,0;48,0;42,0;19,4;20,2;18,2;1008,4;1009,1;1008,4;7,8;9,0;13,4;3722,66;0,0;
29/10/2019;1600;30,8;33,7;30,5;58,0;61,0;43,0;21,7;22,3;19,8;1008,0;1008,4;1007,9;7,9;56,0;14,5;3504,04;0,0;
29/10/2019;1700;30,2;30,8;29,9;61,0;62,0;58,0;21,8;22,0;21,5;1007,4;1008,1;1007,3;7,6;57,0;15,3;3197,28;0,0;
29/10/2019;1800;29,3;30,3;29,3;64,0;64,0;60,0;21,8;22,2;21,5;1006,5;1007,4;1006,5;8,7;53,0;14,3;2575,14;0,0;
29/10/2019;1900;28,2;29,4;28,2;69,0;70,0;64,0;22,1;22,1;21,8;1006,3;1006,5;1006,2;7,6;52,0;14,5;1746,03;0,0;
29/10/2019;2000;26,9;28,2;26,9;75,0;75,0;69,0;22,0;22,3;21,8;1006,8;1006,9;1006,3;7,3;44,0;14,5;872,53;0,0;
29/10/2019;2100;25,7;26,9;25,7;80,0;80,0;75,0;22,1;22,1;21,8;1007,7;1007,8;1006,8;5,4;38,0;12,9;136,26;0,0;
29/10/2019;2200;25,4;25,7;25,4;83,0;83,0;81,0;22,3;22,3;22,1;1008,9;1008,9;1007,7;4,8;35,0;9,5;;0,0;
29/10/2019;2300;25,2;25,5;25,2;84,0;84,0;82,0;22,2;22,3;22,2;1009,7;1009,8;1008,9;5,2;35,0;11,0;;0,0;
30/10/2019;0000;25,1;25,3;25,1;81,0;84,0;81,0;21,6;22,2;21,6;1010,6;1010,6;1009,7;4,1;20,0;9,1;;0,0;
30/10/2019;0100;24,9;25,2;24,9;83,0;83,0;80,0;21,7;21,7;21,5;1010,8;1010,9;1010,5;3,4;20,0;6,6;;0,0;
30/10/2019;0200;24,6;24,9;24,6;81,0;84,0;80,0;21,1;21,8;21,0;1010,8;1010,8;1010,7;4,8;4,0;8,5;;0,0;
30/10/2019;0300;24,2;24,7;24,2;83,0;83,0;80,0;21,1;21,1;20,9;1010,4;1010,8;1010,4;4,0;360,0;8,8;;0,0;
30/10/2019;0400;24,0;24,3;24,0;83,0;84,0;82,0;21,0;21,1;21,0;1009,2;1010,4;1009,2;4,5;9,0;7,5;;0,0;
30/10/2019;0500;23,8;24,3;23,8;85,0;85,0;82,0;21,0;21,1;20,9;1008,5;1009,2;1008,5;3,7;7,0;7,1;;0,0;
30/10/2019;0600;23,6;23,8;23,6;86,0;86,0;85,0;21,1;21,1;21,0;1008,4;1008,5;1008,3;4,4;10,0;7,2;;0,0;
30/10/2019;0700;23,6;23,6;23,2;86,0;88,0;86,0;21,2;21,2;21,0;1008,4;1008,4;1008,2;4,7;17,0;6,6;;0,0;
30/10/2019;0800;23,5;23,6;23,4;85,0;88,0;85,0;20,9;21,2;20,9;1008,9;1008,9;1008,4;4,3;16,0;6,6;;0,0;
30/10/2019;0900;23,8;23,8;23,4;84,0;85,0;84,0;21,0;21,0;20,8;1009,5;1009,5;1008,9;4,7;5,0;6,7;112,73;0,0;
30/10/2019;1000;25,9;25,9;23,8;73,0;84,0;73,0;20,8;21,3;20,7;1009,9;1010,0;1009,5;5,3;12,0;8,4;262,34;0,0;
30/10/2019;1100;28,4;28,4;25,9;60,0;73,0;59,0;19,8;20,9;19,3;1010,2;1010,3;1009,9;5,8;15,0;9,0;1720,24;0,0;
30/10/2019;1200;30,3;30,3;28,4;53,0;60,0;51,0;19,7;20,0;19,0;1010,1;1010,3;1010,1;6,1;19,0;10,3;2693,73;0,0;
30/10/2019;1300;31,7;31,9;30,3;55,0;55,0;48,0;21,6;21,6;19,2;1009,8;1010,1;1009,8;5,5;39,0;11,6;3288,59;0,0;
30/10/2019;1400;30,8;31,9;30,6;59,0;60,0;54,0;21,8;22,0;21,3;1009,7;1009,9;1009,7;7,4;58,0;12,3;3648,48;0,0;
30/10/2019;1500;29,5;30,8;29,5;64,0;65,0;59,0;22,0;22,6;21,9;1009,4;1009,7;1009,4;9,0;61,0;14,7;3753,16;0,0;
30/10/2019;1600;29,4;29,9;29,1;64,0;66,0;60,0;21,8;22,2;21,3;1009,1;1009,5;1009,0;9,7;53,0;16,1;3600,46;0,0;
30/10/2019;1700;28,8;29,6;28,4;68,0;69,0;63,0;22,4;22,6;21,5;1008,7;1009,1;1008,6;8,3;52,0;16,3;3195,23;0,0;
30/10/2019;1800;27,8;28,8;27,7;71,0;71,0;67,0;22,0;22,3;21,7;1008,7;1008,7;1008,4;8,9;52,0;15,6;2502,59;0,0;
30/10/2019;1900;27,5;28,3;27,3;69,0;71,0;67,0;21,4;22,1;21,2;1008,8;1008,9;1008,5;8,1;38,0;14,2;1704,15;0,0;
30/10/2019;2000;26,0;27,6;26,0;75,0;75,0;69,0;21,3;21,4;21,3;1009,3;1009,3;1008,6;6,1;44,0;12,2;796,18;0,0;
30/10/2019;2100;25,2;26,0;25,1;79,0;79,0;75,0;21,2;21,3;21,2;1009,9;1009,9;1009,3;5,1;32,0;11,5;36,42;0,0;
30/10/2019;2200;25,0;25,2;25,0;79,0;80,0;79,0;21,2;21,3;21,2;1010,6;1010,6;1009,9;4,5;28,0;9,9;;0,0;
30/10/2019;2300;24,8;25,1;24,8;80,0;81,0;79,0;21,2;21,3;21,1;1011,4;1011,4;1010,6;3,6;32,0;8,2;;0,0;
31/10/2019;0000;24,7;24,9;24,6;81,0;81,0;80,0;21,1;21,3;21,1;1011,9;1012,0;1011,4;4,2;27,0;7,8;;0,0;
31/10/2019;0100;24,3;24,7;24,3;82,0;82,0;81,0;21,0;21,2;21,0;1011,9;1012,0;1011,8;5,1;22,0;8,4;;0,0;
31/10/2019;0200;23,4;24,3;23,4;85,0;86,0;82,0;20,9;21,1;20,8;1011,5;1011,9;1011,5;3,8;10,0;8,4;;0,0;
31/10/2019;0300;23,4;23,5;22,9;86,0;88,0;85,0;20,8;20,9;20,7;1011,0;1011,5;1011,0;4,7;11,0;6,8;;0,0;
31/10/2019;0400;23,2;23,5;23,2;87,0;87,0;85,0;20,9;20,9;20,8;1010,8;1011,0;1010,7;3,3;12,0;6,8;;0,0;
31/10/2019;0500;22,0;23,3;22,0;91,0;92,0;86,0;20,5;21,0;20,5;1010,5;1010,8;1010,5;2,2;352,0;5,7;;0,0;
31/10/2019;0600;21,7;22,0;21,4;93,0;94,0;91,0;20,6;20,7;20,2;1010,6;1010,6;1010,5;1,6;336,0;3,3;;0,0;
31/10/2019;0700;21,7;21,9;21,3;93,0;94,0;92,0;20,4;20,8;20,2;1010,4;1010,7;1010,4;3,3;346,0;4,5;;0,0;
31/10/2019;0800;21,4;21,8;21,4;94,0;94,0;92,0;20,5;20,7;20,2;1010,7;1010,7;1010,4;2,5;326,0;4,7;;0,0;
31/10/2019;0900;22,7;22,7;21,4;90,0;95,0;90,0;20,9;20,9;20,4;1011,4;1011,4;1010,7;3,3;357,0;4,6;100,59;0,0;
31/10/2019;1000;25,1;25,1;22,7;77,0;90,0;77,0;20,8;21,3;20,7;1011,2;1011,5;1011,2;6,0;6,0;9,0;278,21;0,0;
31/10/2019;1100;27,8;27,8;25,1;59,0;77,0;59,0;19,1;20,9;19,1;1011,8;1011,8;1011,2;5,1;358,0;9,7;1773,48;0,0;
31/10/2019;1200;30,0;30,0;27,8;51,0;61,0;51,0;18,7;19,7;18,1;1011,8;1011,9;1011,7;6,3;7,0;9,7;2776,26;0,0;
31/10/2019;1300;31,3;31,7;29,8;48,0;52,0;46,0;18,9;19,5;18,0;1011,6;1011,9;1011,5;5,1;12,0;10,5;3368,44;0,0;
31/10/2019;1400;31,0;32,4;30,8;58,0;59,0;43,0;21,7;22,0;17,8;1011,3;1011,6;1011,1;6,7;68,0;11,0;3726,19;0,0;
31/10/2019;1500;29,6;31,0;29,4;64,0;64,0;58,0;22,0;22,1;21,7;1010,7;1011,3;1010,7;8,8;56,0;14,4;3822,42;0,0;
31/10/2019;1600;29,8;30,5;29,6;64,0;65,0;61,0;22,2;22,5;21,8;1009,7;1010,8;1009,7;7,5;55,0;13,3;3663,16;0,0;
31/10/2019;1700;28,9;30,1;28,8;67,0;68,0;62,0;22,1;22,2;21,8;1009,0;1009,7;1009,0;8,3;51,0;13,8;3249,25;0,0;
31/10/2019;1800;28,2;28,9;28,2;69,0;70,0;66,0;21,9;22,3;21,8;1008,9;1009,2;1008,8;7,8;51,0;13,8;2586,43;0,0;
31/10/2019;1900;28,3;28,6;27,9;69,0;70,0;68,0;22,1;22,2;21,8;1008,5;1008,9;1008,4;4,9;57,0;12,8;1769,24;0,0;
31/10/2019;2000;26,9;28,3;26,9;73,0;73,0;68,0;21,6;22,0;21,5;1008,4;1008,8;1008,3;5,2;45,0;10,6;833,47;0,0;
31/10/2019;2100;25,6;26,9;25,6;78,0;78,0;73,0;21,4;21,6;21,3;1008,3;1008,5;1008,2;5,1;40,0;9,9;39,70;0,0;
31/10/2019;2200;25,0;25,6;25,0;82,0;82,0;78,0;21,6;21,6;21,4;1008,9;1008,9;1008,3;3,6;28,0;8,1;;0,0;
31/10/2019;2300;24,8;25,0;24,7;82,0;83,0;82,0;21,5;21,7;21,5;1009,5;1009,5;1008,9;3,3;29,0;6,8;;0,0;
